jar,date.cat,date,species,treatment,sump,sal,stock.ml,HCl.ml,NaOH.ml,Ca.ml,jar.wt,jar.muss.wt,jar.muss.h2o.wt,h2o.wt,wet.wt,origin,num.bys,tray.wt,tray.gut.wt,gut.wt,shell.wt,shell.length,shell.color,nbs.ph.0,ph.0,mv.0,spec.0,spec.t.0,ph.t.0,do.0,do.perc.0,do.t.0,ca.mv.0,ca.free.0,ca.meas.0,ca.sd.0,date.in,time.in,date.out,time.out,nbs.ph.1,ph.1,mv.1,spec.1,spec.t.1,ph.t.1,do.1,do.perc.1,do.t.1,ca.mv.1,ca.free.1,ca.meas.1,ca.sd.1,alk.0,alk.sd.0,alk.1,alk.sd.1,nh3.0,nh3.1,psi.0,psi.1,comments,light,first.sec,cluster,caldo.0,caldo.1,delox,delph,delta,delam,delt,delfreeca,corrdelta,start.time,end.time,duration,gut,h2o.kg,calph.0,calph.1,R,E,G,flag,S,T,Patm,P,pH,CO2,fCO2,pCO2,fCO2pot,pCO2pot,fCO2insitu,pCO2insitu,HCO3,CO3,DIC,ALK,OmegaAragonite,OmegaCalcite
1,mar.2020,2020-03-06,mytilus_californianus,shell,34,33.7,18.97,23.615,0,0,NA,NA,NA,808.13,16.4,jenner,NA,NA,NA,NA,15.32,NA,NA,7.526,NA,NA,7.448502056,13.4,13.7,256.2,NA,13.4,NA,NA,NA,NA,2020-03-06,18:39:00,2020-03-06,21:32:00,7.535,NA,NA,7.454504336,13.2,13.4,255.4,NA,13.2,NA,NA,NA,NA,3623.107144,NA,3626.740705,NA,NA,NA,0,0,shells from 2020-01-14,dark,first,0,NA,NA,NA,0.009,0.003633561,NA,-0.2,NA,NA,2020-03-06 18:39:00,2020-03-06 21:32:00,2.883333333,NA,0.80813,,,NA,,-0.03323763169,8,33.7,13.55,1,0,7.5305,9.25E-05,2343.834193,2352.509401,2343.834193,2352.509401,2343.834193,2352.509484,0.003441896226,7.96E-05,0.003613956563,0.003624923925,1.221951756,1.912803318
12,mar.2020,2020-03-06,mytilus_californianus,shell,34,33.7,21.71,28.261,0,0,NA,NA,NA,811.42,16.98,carmet,NA,NA,NA,NA,16.05,NA,NA,7.515,NA,NA,7.433975342,13.3,13.7,259.3,NA,13.3,NA,NA,NA,NA,2020-03-06,17:57:00,2020-03-06,21:22:00,7.514,NA,NA,7.438453056,13.3,13.5,258.7,NA,13.3,NA,NA,NA,NA,4025.147235,NA,4016.079547,NA,NA,NA,0,0,shells from 2020-01-14,dark,first,0,NA,NA,NA,-0.001,-0.009067688,NA,0,NA,NA,2020-03-06 17:57:00,2020-03-06 21:22:00,3.416666667,NA,0.81142,,,NA,,0.06708642258,8,33.7,13.6,1,0,7.5145,0.0001065265383,2704.414023,2714.421596,2704.414023,2714.421596,2704.414023,2714.421706,0.003826645861,8.55E-05,0.004018631974,0.004020613391,1.312111966,2.053724521
13,mar.2020,2020-03-06,mytilus_californianus,shell,34,33.7,16.23,17.169,0,0,NA,NA,NA,804.02,24.5,jenner,NA,NA,NA,NA,23.69,NA,NA,8.182,NA,NA,8.087779627,13.4,13.7,258.7,NA,13.4,NA,NA,NA,NA,2020-03-06,17:51:00,2020-03-06,21:43:00,8.149,NA,NA,8.07497915,13.3,13.5,258.2,NA,13.3,NA,NA,NA,NA,3425.553403,NA,3402.193823,NA,NA,NA,0,0,shells from 2020-01-14,dark,first,0,NA,NA,NA,-0.033,-0.02335958,NA,-0.1,NA,NA,2020-03-06 17:51:00,2020-03-06 21:43:00,3.866666667,NA,0.80402,,,NA,,0.102517992,8,33.7,13.6,1,0,8.1655,1.73E-05,437.9645643,439.5812873,437.9645643,439.5812873,437.9645643,439.5812902,0.002772120276,0.0002773632459,0.003066737147,0.003413873613,4.258556727,6.665472494
14,mar.2020,2020-03-06,mytilus_californianus,shell,34,33.7,8.61,0.255,0,0,NA,NA,NA,857.19,22.58,carmet,NA,NA,NA,NA,22.33,NA,NA,8.99,NA,NA,8.899480092,13.4,13.6,260.2,NA,13.4,NA,NA,NA,NA,2020-03-06,17:44:00,2020-03-06,20:55:00,8.971,NA,NA,8.871687724,13.3,13.5,259.6,NA,13.3,NA,NA,NA,NA,2662.126775,NA,2649.307764,NA,NA,NA,0,0,shells from 2020-01-14,dark,first,0,NA,NA,NA,-0.019,-0.012819011,NA,-0.1,NA,NA,2020-03-06 17:44:00,2020-03-06 20:55:00,3.183333333,NA,0.85719,,,NA,,0.07729133,8,33.7,13.55,1,0,8.9805,9.86E-07,25.00327177,25.09558394,25.00327177,25.09558394,25.00327177,25.09558395,0.001034385519,0.0006741834294,0.001709555403,0.00265571727,10.34987079,16.20132144
16,mar.2020,2020-03-06,mytilus_californianus,shell,34,33.7,11.15,15.426,0,0,NA,NA,NA,827.74,19.14,carmet,NA,NA,NA,NA,18.75,NA,NA,7.084,NA,NA,7.015779641,13.3,13.6,257.4,NA,13.3,NA,NA,NA,NA,2020-03-06,17:20:00,2020-03-06,21:19:00,7.117,NA,NA,7.061890631,13.2,13.5,257.1,NA,13.2,NA,NA,NA,NA,2063.777126,NA,2086.141701,NA,NA,NA,0,0,shells from 2020-01-14,dark,first,0,NA,NA,NA,0.033,0.022364575,NA,-0.1,NA,NA,2020-03-06 17:20:00,2020-03-06 21:19:00,3.983333333,NA,0.82774,,,NA,,-0.123930064,8,33.7,13.55,1,0,7.1005,0.0001469186953,3724.276808,3738.082338,3724.276808,3738.082338,3724.276808,3738.082547,0.002030941757,1.75E-05,0.002195324627,0.002074959414,0.2681032971,0.4196816492
17,mar.2020,2020-03-06,mytilus_californianus,shell,34,33.7,11.05,9.889,0,0,NA,NA,NA,842.64,15.51,jenner,NA,NA,NA,NA,15.07,NA,NA,8.282,NA,NA,8.180232733,13.3,13.6,257.6,NA,13.3,NA,NA,NA,NA,2020-03-06,17:15:00,2020-03-06,21:45:00,8.251,NA,NA,8.158294543,13.3,13.5,257.1,NA,13.3,NA,NA,NA,NA,2542.019589,NA,2525.901471,NA,NA,NA,0,0,shells from 2020-01-14,dark,first,0,NA,NA,NA,-0.031,-0.016118118,NA,0,NA,NA,2020-03-06 17:15:00,2020-03-06 21:45:00,4.5,NA,0.84264,,,NA,,0.1001383982,8,33.7,13.55,1,0,8.2665,9.58E-06,242.9055607,243.8025891,242.9055607,243.8025891,242.9055607,243.80259,0.001940796257,0.0002445083334,0.002194888062,0.00253396053,3.75363111,5.875789237
18,mar.2020,2020-03-06,mytilus_californianus,shell,34,33.7,7.43,10.073,0,0,NA,NA,NA,850.94,9.33,carmet,NA,NA,NA,NA,9.08,NA,NA,6.953,NA,NA,6.899318512,13.2,13.5,257.8,NA,13.2,NA,NA,NA,NA,2020-03-06,17:10:00,2020-03-06,20:58:00,6.985,NA,NA,6.921097933,13.4,13.7,257.3,NA,13.4,NA,NA,NA,NA,1403.506262,NA,1428.484924,NA,NA,NA,0,0,shells from 2020-01-14,dark,first,0,NA,NA,NA,0.032,0.024978662,NA,0.2,NA,NA,2020-03-06 17:10:00,2020-03-06 20:58:00,3.8,NA,0.85094,,,NA,,-0.3080127325,8,33.7,13.6,1,0,6.969,0.0001360948306,3454.766004,3467.561251,3454.766004,3467.561251,3454.766004,3467.561431,0.001391579556,8.86E-06,0.001536534656,0.001415995593,0.1360384363,0.2129262166
19,mar.2020,2020-03-06,mytilus_californianus,shell,34,33.7,12.22,14.437,0,0,NA,NA,NA,851.85,13.59,jenner,NA,NA,NA,NA,12.76,NA,NA,7.69,NA,NA,7.582202326,13.3,13.6,257.7,NA,13.3,NA,NA,NA,NA,2020-03-06,17:06:00,2020-03-06,20:38:00,7.668,NA,NA,7.559797027,13.3,13.5,257,NA,13.3,NA,NA,NA,NA,2497.353805,NA,2507.607899,NA,NA,NA,0,0,shells from 2020-01-14,dark,first,0,NA,NA,NA,-0.022,0.010254094,NA,0,NA,NA,2020-03-06 17:06:00,2020-03-06 20:38:00,3.533333333,NA,0.85185,,,NA,,-0.09687130302,8,33.7,13.55,1,0,7.679,4.43E-05,1122.062556,1126.21022,1122.062556,1126.21022,1122.062556,1126.210239,0.002318648286,7.55E-05,0.002438416193,0.002502480852,1.159047257,1.814329482
21,mar.2020,2020-03-06,mytilus_californianus,shell,34,33.7,0.1,0,3.863,0,NA,NA,NA,849.03,9.69,jenner,NA,NA,NA,NA,8.86,NA,NA,7.233,NA,NA,7.145324955,13.3,13.6,257.8,NA,13.3,NA,NA,NA,NA,2020-03-06,16:54:00,2020-03-06,20:29:00,7.234,NA,NA,7.149146473,13.2,13.5,257.6,NA,13.2,NA,NA,NA,NA,1833.241717,NA,1856.405044,NA,NA,NA,0,0,shells from 2020-01-14,dark,first,0,NA,NA,NA,0.001,0.023163327,NA,-0.1,NA,NA,2020-03-06 16:54:00,2020-03-06 20:29:00,3.583333333,NA,0.84903,,,NA,,-0.3097227076,8,33.7,13.55,1,0,7.2335,9.53E-05,2416.157055,2425.100858,2416.157055,2425.100858,2416.157055,2425.100946,0.001790714014,2.09E-05,0.001906933238,0.001844823381,0.3208306131,0.5022177758
22,mar.2020,2020-03-06,mytilus_californianus,shell,34,33.7,6.65,0.241,0,0,NA,NA,NA,857.3,14.47,carmet,NA,NA,NA,NA,13.65,NA,NA,8.811,NA,NA,8.71775767,13.3,13.6,258.3,NA,13.3,NA,NA,NA,NA,2020-03-06,16:46:00,2020-03-06,20:50:00,8.786,NA,NA,8.694355576,13.2,13.4,257.4,NA,13.2,NA,NA,NA,NA,2056.222462,NA,2049.369999,NA,NA,NA,0,0,shells from 2020-01-14,dark,first,0,NA,NA,NA,-0.025,-0.006852463,NA,-0.1,NA,NA,2020-03-06 16:46:00,2020-03-06 20:50:00,4.066666667,NA,0.8573,,,NA,,0.05291493902,8,33.7,13.5,1,0,8.7985,1.43E-06,36.18995721,36.3236625,36.18995721,36.3236625,36.18995721,36.32366252,0.0009846510159,0.0004212638724,0.001407345041,0.002052796231,6.466359821,10.12320842
23,mar.2020,2020-03-06,mytilus_californianus,shell,34,33.7,16.14,23.665,0,0,NA,NA,NA,819.12,12.52,jenner,NA,NA,NA,NA,11.83,NA,NA,6.968,NA,NA,6.913482152,13.4,13.6,257.5,NA,13.4,NA,NA,NA,NA,2020-03-06,16:40:00,2020-03-06,20:26:00,7.003,NA,NA,6.948510897,13.4,13.6,256.9,NA,13.4,NA,NA,NA,NA,2798.380355,NA,2815.59719,NA,NA,NA,0,0,shells from 2020-01-14,dark,first,0,NA,NA,NA,0.035,0.017216835,NA,0,NA,NA,2020-03-06 16:40:00,2020-03-06 20:26:00,3.766666667,NA,0.81912,,,NA,,-0.1582446071,8,33.7,13.6,1,0,6.9855,0.0002602577529,6607.264704,6631.819367,6607.264704,6631.819367,6607.264704,6631.820024,0.00276348268,1.83E-05,0.00304201249,0.002806988773,0.2805411229,0.4391051719
2,mar.2020,2020-03-06,mytilus_californianus,shell,34,33.7,20.93,20.029,0,0,NA,NA,NA,795.46,22.24,carmet,NA,NA,NA,NA,21.36,NA,NA,8.377,NA,NA,8.288064559,13.3,13.6,256.2,NA,13.3,NA,NA,NA,NA,2020-03-06,18:35:00,2020-03-06,21:51:00,8.352,NA,NA,8.267095759,13.2,13.5,255.3,NA,13.2,NA,NA,NA,NA,4678.916791,NA,4664.218705,NA,NA,NA,0,0,shells from 2020-01-14,dark,first,0,NA,NA,NA,-0.025,-0.014698086,NA,-0.1,NA,NA,2020-03-06 18:35:00,2020-03-06 21:51:00,3.266666667,NA,0.79546,,,NA,,0.0837805226,8,33.7,13.55,1,0,8.3645,1.36E-05,345.209617,346.4845841,345.209617,346.4845841,345.209617,346.4845858,0.00345721626,0.0005456855807,0.004016521437,0.004671567748,8.377221356,13.11338926
24,mar.2020,2020-03-06,mytilus_californianus,shell,34,33.7,1.96,0.214,0,0,NA,NA,NA,842.8,33.82,carmet,NA,NA,NA,NA,33.08,NA,NA,7.521,NA,NA,7.360791483,13.3,13.5,259.1,NA,13.3,NA,NA,NA,NA,2020-03-06,16:35:00,2020-03-06,20:32:00,7.487,NA,NA,7.300892056,13.1,13.4,258.8,NA,13.1,NA,NA,NA,NA,558.0117318,NA,584.602139,NA,NA,NA,0,0,shells from 2020-01-14,dark,first,0,NA,NA,NA,-0.034,0.0265904072,NA,-0.2,NA,NA,2020-03-06 16:35:00,2020-03-06 20:32:00,3.95,NA,0.8428,,,NA,,-0.08575450074,8,33.7,13.45,1,0,7.504,1.51E-05,381.1785228,382.5882234,381.1785228,382.5882234,381.1785228,382.5882256,0.0005260678675,1.14E-05,0.0005525522918,0.0005713069354,0.1749382202,0.273897445
26,mar.2020,2020-03-06,mytilus_californianus,shell,34,33.7,14.38,10.126,0,0,NA,NA,NA,8338.4,18.28,carmet,NA,NA,NA,NA,17.42,NA,NA,8.583,NA,NA,8.485613758,13.4,13.7,259.5,NA,13.4,NA,NA,NA,NA,2020-03-06,16:27:00,2020-03-06,20:45:00,8.562,NA,NA,8.476734625,13.3,13.6,258.7,NA,13.3,NA,NA,NA,NA,3429.378709,NA,3425.586865,NA,NA,NA,0,0,shells from 2020-01-14,dark,first,0,NA,NA,NA,-0.021,-0.003791844,NA,-0.1,NA,NA,2020-03-06 16:27:00,2020-03-06 20:45:00,4.3,NA,8.3384,,,NA,,0.2110505968,8,33.7,13.65,1,0,8.5725,5.25E-06,133.4024622,133.8944136,133.4024622,133.8944136,133.4024622,133.8944138,0.002155454977,0.000551262998,0.002711964773,0.003427482787,8.464906165,13.24796593
27,mar.2020,2020-03-06,mytilus_californianus,shell,34,33.7,19.36,27.931,0,0,NA,NA,NA,870.79,14.01,jenner,NA,NA,NA,NA,13.47,NA,NA,7.019,NA,NA,6.965154993,13.4,13.7,258.6,NA,13.4,NA,NA,NA,NA,2020-03-06,16:24:00,2020-03-06,20:23:00,7.042,NA,NA,7.002694552,13.3,13.6,258.2,NA,13.3,NA,NA,NA,NA,3307.398418,NA,3333.089641,NA,NA,NA,0,0,shells from 2020-01-14,dark,first,0,NA,NA,NA,0.023,0.025691223,NA,-0.1,NA,NA,2020-03-06 16:24:00,2020-03-06 20:23:00,3.983333333,NA,0.87079,,,NA,,-0.208474994,8,33.7,13.65,1,0,7.0305,0.0002767191235,7036.336932,7062.481141,7036.336932,7062.481141,7036.336932,7062.481885,0.003264547201,2.40E-05,0.003565241704,0.00332024403,0.3681513522,0.5761763728
28,mar.2020,2020-03-06,mytilus_californianus,shell,34,33.7,13.01,15.503,0,0,NA,NA,NA,785.37,21.96,carmet,NA,NA,NA,NA,21.04,NA,NA,7.597,NA,NA,7.494666636,13.3,13.6,258.4,NA,13.3,NA,NA,NA,NA,2020-03-06,16:20:00,2020-03-06,20:36:00,7.567,NA,NA,7.47002413,13.2,13.5,257.3,NA,13.2,NA,NA,NA,NA,2594.67439,NA,2598.469626,NA,NA,NA,0,0,shells from 2020-01-14,dark,first,0,NA,NA,NA,-0.03,0.003795236,NA,-0.1,NA,NA,2020-03-06 16:20:00,2020-03-06 20:36:00,4.266666667,NA,0.78537,,,NA,,-0.01660155042,8,33.7,13.55,1,0,7.582,5.83E-05,1478.282878,1483.749474,1478.282878,1483.749474,1478.282878,1483.749507,0.002442633182,6.36E-05,0.00256459138,0.002596572008,0.9769106769,1.529218042
29,mar.2020,2020-03-06,mytilus_californianus,shell,34,33.7,7.73,0.085,0,0,NA,NA,NA,850.79,16.85,jenner,NA,NA,NA,NA,16.37,NA,NA,8.911,NA,NA,8.816793262,13.3,13.5,260.1,NA,13.3,NA,NA,NA,NA,2020-03-06,16:16:00,2020-03-06,20:52:00,8.885,NA,NA,8.79306238,13.1,13.4,259.3,NA,13.1,NA,NA,NA,NA,2365.886271,NA,2349.683988,NA,NA,NA,0,0,shells from 2020-01-14,dark,first,0,NA,NA,NA,-0.026,-0.016202283,NA,-0.2,NA,NA,2020-03-06 16:16:00,2020-03-06 20:52:00,4.6,NA,0.85079,,,NA,,0.09152970939,8,33.7,13.45,1,0,8.898,1.17E-06,29.68003441,29.78975487,29.68003441,29.78975487,29.68003441,29.78975488,0.001015764583,0.0005454194364,0.001562358657,0.00235778513,8.371098739,13.10646491
31,mar.2020,2020-03-06,mytilus_californianus,shell,34,33.7,16.92,17.897,0,0,NA,NA,NA,844.09,21.48,jenner,NA,NA,NA,NA,20.78,NA,NA,8.146,NA,NA,8.033839262,13.3,13.6,257.6,NA,13.3,NA,NA,NA,NA,2020-03-06,16:09:00,2020-03-06,20:10:00,8.119,NA,NA,8.025293562,13.3,13.6,256.7,NA,13.3,NA,NA,NA,NA,3547.373746,NA,3546.952996,NA,NA,NA,0,0,shells from 2020-01-14,dark,first,0,NA,NA,NA,-0.027,-0.00042075,NA,0,NA,NA,2020-03-06 16:09:00,2020-03-06 20:10:00,4.016666667,NA,0.84409,,,NA,,0.0021275097,8,33.7,13.6,1,0,8.1325,1.96E-05,498.2132256,500.0523754,498.2132256,500.0523754,498.2132256,500.0523792,0.002923327104,0.0002709878537,0.003213939396,0.003547163371,4.160628236,6.512248038
32,mar.2020,2020-03-06,mytilus_californianus,shell,34,33.7,22.49,33.093,0,0,NA,NA,NA,846.39,21.42,carmet,NA,NA,NA,NA,20.25,NA,NA,7.08,NA,NA,7.020946008,13.3,13.6,257.2,NA,13.3,NA,NA,NA,NA,2020-03-06,16:03:00,2020-03-06,20:19:00,7.1,NA,NA,7.060944741,13.4,13.7,256.5,NA,13.4,NA,NA,NA,NA,3902.10196,NA,3916.952073,NA,NA,NA,0,0,shells from 2020-01-14,dark,first,0,NA,NA,NA,0.02,0.014850113,NA,0.1,NA,NA,2020-03-06 16:03:00,2020-03-06 20:19:00,4.266666667,NA,0.84639,,,NA,,-0.07273719411,8,33.7,13.65,1,0,7.09,0.0002835360734,7209.177274,7235.969472,7209.177274,7235.969472,7209.177274,7235.970253,0.003836016516,3.23E-05,0.004151860291,0.003909527017,0.4961007311,0.7764196313
33,mar.2020,2020-03-06,mytilus_californianus,shell,34,33.7,5.48,1.292,0,0,NA,NA,NA,848.75,13.66,jenner,NA,NA,NA,NA,12.92,NA,NA,8.606,NA,NA,8.490013597,13.3,13.6,258.2,NA,13.3,NA,NA,NA,NA,2020-03-06,16:00:00,2020-03-06,20:02:00,8.568,NA,NA,8.452612167,13.4,13.7,257.8,NA,13.4,NA,NA,NA,NA,1600.57523,NA,1612.532685,NA,NA,NA,0,0,shells from 2020-01-14,dark,first,0,NA,NA,NA,-0.038,0.011957455,NA,0.1,NA,NA,2020-03-06 16:00:00,2020-03-06 20:02:00,4.033333333,NA,0.84875,,,NA,,-0.09737823924,8,33.7,13.65,1,0,8.587,2.21E-06,56.20943379,56.41668793,56.20943379,56.41668793,56.20943379,56.41668798,0.0009377002363,0.0002479272401,0.001187837888,0.001606553958,3.807023626,5.9581889
34,mar.2020,2020-03-06,mytilus_californianus,shell,34,33.7,21.81,24.399,0,0,NA,NA,NA,852.66,8.16,carmet,NA,NA,NA,NA,7.71,NA,NA,8.084,NA,NA,7.987007131,13.4,13.7,257.7,NA,13.4,NA,NA,NA,NA,2020-03-06,15:57:00,2020-03-06,20:12:00,8.066,NA,NA,7.966620125,13.3,13.6,257,NA,13.3,NA,NA,NA,NA,4426.781098,NA,4427.66162,NA,NA,NA,0,0,shells from 2020-01-14,dark,first,0,NA,NA,NA,-0.018,0.000880522,NA,-0.1,NA,NA,2020-03-06 15:57:00,2020-03-06 20:12:00,4.25,NA,0.85266,,,NA,,-0.01145625831,8,33.7,13.65,1,0,8.075,2.87E-05,728.4836631,731.1718584,728.4836631,731.1718584,728.4836631,731.1718664,0.003744469409,0.0003046079889,0.004077728693,0.004427221359,4.677402073,7.320346998
35,mar.2020,2020-03-06,mytilus_californianus,shell,34,33.7,21.32,22.745,0,0,NA,NA,NA,856.42,14.05,jenner,NA,NA,NA,NA,13.6,NA,NA,8.239,NA,NA,8.15170046,13.4,13.7,258.4,NA,13.4,NA,NA,NA,NA,2020-03-06,15:54:00,2020-03-06,20:07:00,8.226,NA,NA,8.148424927,13.5,13.7,257.7,NA,13.5,NA,NA,NA,NA,4509.926806,NA,4499.304555,NA,NA,NA,0,0,shells from 2020-01-14,dark,first,0,NA,NA,NA,-0.013,-0.010622251,NA,0.1,NA,NA,2020-03-06 15:54:00,2020-03-06 20:07:00,4.216666667,NA,0.85642,,,NA,,0.07931680018,8,33.7,13.7,1,0,8.2325,1.90E-05,483.3709722,485.1530211,483.3709722,485.1530211,483.3709722,485.1530246,0.003569927866,0.0004181286748,0.004007037325,0.004504615681,6.421339828,10.04868549
3,mar.2020,2020-03-06,mytilus_californianus,shell,34,33.7,24.25,31.232,0,0,NA,NA,NA,826.79,13.05,jenner,NA,NA,NA,NA,12.35,NA,NA,7.502,NA,NA,7.417341821,13.4,13.6,256.2,NA,13.4,NA,NA,NA,NA,2020-03-06,18:30:00,2020-03-06,21:26:00,7.5,NA,NA,7.435088957,13.4,13.6,256,NA,13.4,NA,NA,NA,NA,4525.662111,NA,4519.268819,NA,NA,NA,0,0,shells from 2020-01-14,dark,first,0,NA,NA,NA,-0.002,-0.006393292,NA,0,NA,NA,2020-03-06 18:30:00,2020-03-06 21:26:00,2.933333333,NA,0.82679,,,NA,,0.07295606219,8,33.7,13.6,1,0,7.501,0.0001238655199,3144.622087,3156.264246,3144.622087,3156.264246,3144.622087,3156.264395,0.004313329686,9.34E-05,0.004530574339,0.004522465465,1.433702103,2.244041808
36,mar.2020,2020-03-06,mytilus_californianus,shell,34,33.7,9.78,13.203,0,0,NA,NA,NA,855.65,12.43,carmet,NA,NA,NA,NA,11.96,NA,NA,7.085,NA,NA,7.010427137,13.4,13.6,259.1,NA,13.4,NA,NA,NA,NA,2020-03-06,15:51:00,2020-03-06,20:14:00,7.102,NA,NA,7.027949033,13.4,13.6,258.3,NA,13.4,NA,NA,NA,NA,1805.207525,NA,1814.643871,NA,NA,NA,0,0,shells from 2020-01-14,dark,first,0,NA,NA,NA,0.017,0.009436346,NA,0,NA,NA,2020-03-06 15:51:00,2020-03-06 20:14:00,4.383333333,NA,0.85565,,,NA,,-0.07700773289,8,33.7,13.6,1,0,7.0935,0.0001299903095,3300.114498,3312.334425,3300.114498,3312.334425,3300.114498,3312.334588,0.001770961983,1.50E-05,0.001915957655,0.001809925698,0.2303857379,0.3606015689
37,mar.2020,2020-03-06,mytilus_californianus,shell,34,33.7,10.76,8.11,0,0,NA,NA,NA,857.31,8.91,jenner,NA,NA,NA,NA,8.54,NA,NA,8.476,NA,NA,8.366504512,13.3,13.6,258.9,NA,13.3,NA,NA,NA,NA,2020-03-06,15:44:00,2020-03-06,20:05:00,8.443,NA,NA,8.347012982,13.4,13.7,258.4,NA,13.4,NA,NA,NA,NA,2626.642937,NA,2608.67961,NA,NA,NA,0,0,shells from 2020-01-14,dark,first,0,NA,NA,NA,-0.033,-0.017963327,NA,0.1,NA,NA,2020-03-06 15:44:00,2020-03-06 20:05:00,4.35,NA,0.85731,,,NA,,0.207275295,8,33.7,13.65,1,0,8.4595,5.61E-06,142.5292812,143.0548685,142.5292812,143.0548685,142.5292812,143.0548688,0.001774370851,0.0003499262799,0.002129902203,0.002617661274,5.373255118,8.409429024
38,mar.2020,2020-03-06,mytilus_californianus,shell,34,33.7,10.37,4.594,0,0,NA,NA,NA,838.59,10.93,carmet,NA,NA,NA,NA,10.27,NA,NA,8.729,NA,NA,8.640012889,13.3,13.6,259.1,NA,13.3,NA,NA,NA,NA,2020-03-06,15:40:00,2020-03-06,19:57:00,8.706,NA,NA,8.610867764,13.3,13.6,258.9,NA,13.3,NA,NA,NA,NA,2790.862835,NA,2777.838235,NA,NA,NA,0,0,shells from 2020-01-14,dark,first,0,NA,NA,NA,-0.023,-0.0130246,NA,0,NA,NA,2020-03-06 15:40:00,2020-03-06 19:57:00,4.283333333,NA,0.83859,,,NA,,0.1241457228,8,33.7,13.6,1,0,8.7175,2.63E-06,66.72161764,66.96780257,66.72161764,66.96780257,66.72161764,66.96780264,0.001505734413,0.0005366922483,0.002045054801,0.002784350535,8.240136568,12.89752656
39,mar.2020,2020-03-06,mytilus_californianus,shell,34,33.7,16.04,11.928,0,0,NA,NA,NA,802.37,12.01,jenner,NA,NA,NA,NA,11.31,NA,NA,8.578,NA,NA,8.480420557,13.5,13.7,259.2,NA,13.5,NA,NA,NA,NA,2020-03-06,15:37:00,2020-03-06,20:00:00,8.559,NA,NA,8.477759727,13.4,13.6,258.7,NA,13.4,NA,NA,NA,NA,3880.99997,NA,3870.608453,NA,NA,NA,0,0,shells from 2020-01-14,dark,first,0,NA,NA,NA,-0.019,-0.010391517,NA,-0.1,NA,NA,2020-03-06 15:37:00,2020-03-06 20:00:00,4.383333333,NA,0.80237,,,NA,,0.08409235908,8,33.7,13.65,1,0,8.5685,6.04E-06,153.6626222,154.2292986,153.6626222,154.2292986,153.6626222,154.229299,0.002460322523,0.0006234689137,0.003089835039,0.003875804212,9.573661853,14.98322012
41,mar.2020,2020-03-06,mytilus_californianus,shell,34,33.7,10.17,10.919,0,0,NA,NA,NA,801.15,11.55,jenner,NA,NA,NA,NA,11.12,NA,NA,7.246,NA,NA,7.171574888,13.3,13.5,258.9,NA,13.3,NA,NA,NA,NA,2020-03-06,15:25:00,2020-03-06,19:45:00,7.264,NA,NA,7.187292518,13.4,13.7,258.8,NA,13.4,NA,NA,NA,NA,1945.714406,NA,1953.666249,NA,NA,NA,0,0,shells from 2020-01-14,dark,first,0,NA,NA,NA,0.018,0.007951843,NA,0.1,NA,NA,2020-03-06 15:25:00,2020-03-06 19:45:00,4.333333333,NA,0.80115,,,NA,,-0.06610354544,8,33.7,13.6,1,0,7.255,9.57E-05,2428.599829,2437.584272,2428.599829,2437.584272,2428.599829,2437.584361,0.001890276152,2.32E-05,0.002009177111,0.001949690328,0.3567120846,0.5583253569
42,mar.2020,2020-03-06,mytilus_californianus,shell,34,33.7,9.58,11.328,0,0,NA,NA,NA,854.35,12.49,carmet,NA,NA,NA,NA,11.97,NA,NA,6.931,NA,NA,6.887289113,13.4,13.7,259.1,NA,13.4,NA,NA,NA,NA,2020-03-06,15:19:00,2020-03-06,19:42:00,6.971,NA,NA,6.920184341,13.4,13.7,259.3,NA,13.4,NA,NA,NA,NA,1721.435782,NA,1747.033693,NA,NA,NA,0,0,shells from 2020-01-14,dark,first,0,NA,NA,NA,0.04,0.025597911,NA,0,NA,NA,2020-03-06 15:19:00,2020-03-06 19:42:00,4.383333333,NA,0.85435,,,NA,,-0.2084067132,8,33.7,13.7,1,0,6.951,0.0001736275698,4421.657584,4438.029746,4421.657584,4438.029746,4421.657584,4438.03004,0.001706860222,1.05E-05,0.001890956807,0.001734234738,0.1607761162,0.2515968113
43,mar.2020,2020-03-06,mytilus_californianus,shell,34,33.7,20.24,28.901,0,0,NA,NA,NA,852.58,10.36,jenner,NA,NA,NA,NA,9.78,NA,NA,6.925,NA,NA,6.886366554,13.3,13.6,259.4,NA,13.3,NA,NA,NA,NA,2020-03-06,15:12:00,2020-03-06,19:37:00,6.956,NA,NA,6.920253174,13.4,13.6,259.3,NA,13.4,NA,NA,NA,NA,3360.255187,NA,3383.73238,NA,NA,NA,0,0,shells from 2020-01-14,dark,first,0,NA,NA,NA,0.031,0.023477193,NA,0.1,NA,NA,2020-03-06 15:12:00,2020-03-06 19:37:00,4.416666667,NA,0.85258,,,NA,,-0.2316956269,8,33.7,13.6,1,0,6.9405,0.0003473771749,8818.999323,8851.85229,8818.999323,8851.85229,8818.999323,8851.85346,0.003326089833,1.98E-05,0.003693291058,0.003371993784,0.3043697483,0.476401924
44,mar.2020,2020-03-06,mytilus_californianus,shell,34,33.7,21.32,23.745,0,0,NA,NA,NA,826.67,9.69,carmet,NA,NA,NA,NA,9.29,NA,NA,8.237,NA,NA,8.141487166,13.5,13.7,258.2,NA,13.5,NA,NA,NA,NA,2020-03-06,15:07:00,2020-03-06,19:49:00,8.209,NA,NA,8.125056799,13.5,13.7,257.3,NA,13.5,NA,NA,NA,NA,4495.746839,NA,4478.219531,NA,NA,NA,0,0,shells from 2020-01-14,dark,first,0,NA,NA,NA,-0.028,-0.017527308,NA,0,NA,NA,2020-03-06 15:07:00,2020-03-06 19:49:00,4.7,NA,0.82667,,,NA,,0.1659219443,8,33.7,13.7,1,0,8.223,1.94E-05,494.5304755,496.3536897,494.5304755,496.3536897,494.5304755,496.3536934,0.003571440173,0.0004093730739,0.004000232237,0.004486983185,6.286877181,9.83826634
45,mar.2020,2020-03-06,mytilus_californianus,shell,34,33.7,1.08,0,3.956,0,NA,NA,NA,854.76,10.58,jenner,NA,NA,NA,NA,10.02,NA,NA,7.141,NA,NA,7.063438158,13.4,13.6,259,NA,13.4,NA,NA,NA,NA,2020-03-06,15:03:00,2020-03-06,19:29:00,7.149,NA,NA,7.092873472,13.6,13.8,258.8,NA,13.6,NA,NA,NA,NA,2015.957667,NA,2042.977307,NA,NA,NA,0,0,shells from 2020-01-14,dark,first,0,NA,NA,NA,0.008,0.02701964,NA,0.2,NA,NA,2020-03-06 15:03:00,2020-03-06 19:29:00,4.433333333,NA,0.85476,,,NA,,-0.2599534857,8,33.7,13.7,1,0,7.145,0.0001288445956,3281.153161,3293.287144,3281.153161,3293.287144,3281.153161,3293.287306,0.001981410271,1.90E-05,0.002129228983,0.002029467487,0.2913934585,0.4559964542
46,mar.2020,2020-03-06,mytilus_californianus,shell,34,33.7,8.61,1.055,0,0,NA,NA,NA,845.31,7.72,carmet,NA,NA,NA,NA,7.35,NA,NA,8.728,NA,NA,8.631273013,13.5,13.7,259.9,NA,13.5,NA,NA,NA,NA,2020-03-06,14:58:00,2020-03-06,19:52:00,8.697,NA,NA,8.550160794,13.5,13.7,259.7,NA,13.5,NA,NA,NA,NA,2381.959615,NA,2374.715243,NA,NA,NA,0,0,shells from 2020-01-14,dark,first,0,NA,NA,NA,-0.031,-0.007244372,NA,0,NA,NA,2020-03-06 14:58:00,2020-03-06 19:52:00,4.9,NA,0.84531,,,NA,,0.08501652222,8,33.7,13.7,1,0,8.7125,2.24E-06,57.14514588,57.35572443,57.14514588,57.35572443,57.14514588,57.35572448,0.0012732431,0.0004503712182,0.001725858267,0.002378337429,6.916499191,10.82355504
4,mar.2020,2020-03-06,mytilus_californianus,shell,34,33.7,16.23,16.169,0,0,NA,NA,NA,860.7,14.53,carmet,NA,NA,NA,NA,13.99,NA,NA,8.268,NA,NA,8.171571646,13.3,13.6,257,NA,13.3,NA,NA,NA,NA,2020-03-06,18:27:00,2020-03-06,21:48:00,8.245,NA,NA,8.148455013,13.3,13.5,256.5,NA,13.3,NA,NA,NA,NA,3539.874882,NA,3534.333232,NA,NA,NA,0,0,shells from 2020-01-14,dark,first,0,NA,NA,NA,-0.023,-0.00554165,NA,0,NA,NA,2020-03-06 18:27:00,2020-03-06 21:48:00,3.35,NA,0.8607,,,NA,,0.05088600765,8,33.7,13.55,1,0,8.2565,1.39E-05,352.8855382,354.1888631,352.8855382,354.1888631,352.8855382,354.188865,0.002756267216,0.0003392541083,0.00310944369,0.003537104057,5.208138855,8.152627098
48,mar.2020,2020-03-06,mytilus_californianus,shell,34,33.7,19.66,24.343,0,0,NA,NA,NA,867.19,11.54,carmet,NA,NA,NA,NA,11,NA,NA,7.286,NA,NA,7.222810078,13.4,13.7,259.1,NA,13.4,NA,NA,NA,NA,2020-03-06,14:49:00,2020-03-06,19:25:00,7.295,NA,NA,7.232237108,13.6,13.8,258.6,NA,13.6,NA,NA,NA,NA,3521.745237,NA,3511.492299,NA,NA,NA,0,0,shells from 2020-01-14,dark,first,0,NA,NA,NA,0.009,-0.010252938,NA,0.2,NA,NA,2020-03-06 14:49:00,2020-03-06 19:25:00,4.6,NA,0.86719,,,NA,,0.08785815518,8,33.7,13.75,1,0,7.2905,0.0001584885048,4042.301671,4057.253437,4042.301671,4057.253437,4042.301671,4057.253682,0.003411038118,4.57E-05,0.003615273639,0.003516618768,0.7026398629,1.099439943
49,mar.2020,2020-03-06,mytilus_californianus,shell,34,33.7,8.02,0,0.336,0,NA,NA,NA,827.31,11.97,jenner,NA,NA,NA,NA,11.61,NA,NA,8.763,NA,NA,8.657927872,13.4,13.6,260.3,NA,13.4,NA,NA,NA,NA,2020-03-06,14:45:00,2020-03-06,19:54:00,8.735,NA,NA,8.633650001,13.4,13.7,259.4,NA,13.4,NA,NA,NA,NA,2435.525575,NA,2427.186317,NA,NA,NA,0,0,shells from 2020-01-14,dark,first,0,NA,NA,NA,-0.028,-0.008339258,NA,0,NA,NA,2020-03-06 14:45:00,2020-03-06 19:54:00,5.15,NA,0.82731,,,NA,,0.05769341408,8,33.7,13.65,1,0,8.749,2.03E-06,51.73527147,51.92603009,51.73527147,51.92603009,51.73527147,51.92603013,0.001254490123,0.0004816957719,0.001738220427,0.002431355946,7.3966369,11.57611627
50,mar.2020,2020-03-06,mytilus_californianus,shell,34,33.7,25.91,33.434,0,0,NA,NA,NA,871.07,25.89,carmet,NA,NA,NA,NA,25.47,NA,NA,7.288,NA,NA,7.230493739,13.6,13.8,259.3,NA,13.6,NA,NA,NA,NA,2020-03-06,14:41:00,2020-03-06,19:21:00,7.319,NA,NA,7.258013558,13.5,13.8,258.7,NA,13.5,NA,NA,NA,NA,4504.292366,NA,4511.630105,NA,NA,NA,0,0,shells from 2020-01-14,dark,first,0,NA,NA,NA,0.031,0.007337739,NA,-0.1,NA,NA,2020-03-06 14:41:00,2020-03-06 19:21:00,4.666666667,NA,0.87107,,,NA,,-0.02688744872,8,33.7,13.8,1,0,7.3035,0.0001970339592,5033.308521,5051.934127,5033.308521,5051.934127,5033.308521,5051.934507,0.004372283888,6.06E-05,0.004629890004,0.004507961236,0.930456848,1.455764164
51,mar.2020,2020-03-06,mytilus_californianus,shell,34,33.7,25.03,31.465,0,0,NA,NA,NA,873.05,15.05,jenner,NA,NA,NA,NA,14.37,NA,NA,7.692,NA,NA,7.605939377,13.9,14.1,256.5,NA,13.9,NA,NA,NA,NA,2020-03-06,14:39:00,2020-03-06,19:15:00,7.695,NA,NA,7.611538109,13.5,13.9,255.8,NA,13.5,NA,NA,NA,NA,4594.601178,NA,4568.386298,NA,NA,NA,0,0,shells from 2020-01-14,dark,first,0,NA,NA,NA,0.003,-0.02621488,NA,-0.4,NA,NA,2020-03-06 14:39:00,2020-03-06 19:15:00,4.6,NA,0.87305,,,NA,,0.1731180674,8,33.7,14,1,0,7.6935,7.77E-05,1997.341369,2004.689011,1997.341369,2004.689011,1997.341369,2004.68907,0.004255702956,0.0001457528868,0.004479160777,0.004581493738,2.240055821,3.50327587
52,mar.2020,2020-03-06,mytilus_californianus,shell,34,33.7,7.92,1.926,0,0,NA,NA,NA,857.4,9.14,carmet,NA,NA,NA,NA,8.75,NA,NA,8.828,NA,NA,8.716044219,13.8,14,257.9,NA,13.8,NA,NA,NA,NA,2020-03-06,14:35:00,2020-03-06,19:10:00,8.806,NA,NA,8.710384519,13.8,14,256.8,NA,13.8,NA,NA,NA,NA,2201.093935,NA,2194.408702,NA,NA,NA,0,0,shells from 2020-01-14,dark,first,0,NA,NA,NA,-0.022,-0.006685233,NA,0,NA,NA,2020-03-06 14:35:00,2020-03-06 19:10:00,4.583333333,NA,0.8574,,,NA,,0.07146288342,8,33.7,14,1,0,8.817,1.41E-06,36.35510014,36.48855209,36.35510014,36.48855209,36.35510014,36.48855211,0.001028782897,0.0004682509748,0.001498448257,0.002197751319,7.196470521,11.25474211
53,mar.2020,2020-03-06,mytilus_californianus,shell,34,33.7,7.24,5.632,0,0,NA,NA,NA,809.29,20.21,jenner,NA,NA,NA,NA,19.7,NA,NA,8.314,NA,NA,8.189414454,13.8,14,258.6,NA,13.8,NA,NA,NA,NA,2020-03-06,14:31:00,2020-03-06,19:02:00,8.272,NA,NA,8.16368674,13.4,13.5,258,NA,13.4,NA,NA,NA,NA,1657.900644,NA,1655.2569,NA,NA,NA,0,0,shells from 2020-01-14,dark,first,0,NA,NA,NA,-0.042,-0.002643744,NA,-0.4,NA,NA,2020-03-06 14:31:00,2020-03-06 19:02:00,4.516666667,NA,0.80929,,,NA,,0.0120229021,8,33.7,13.75,1,0,8.293,5.64E-06,143.7670046,144.2966018,143.7670046,144.2966018,143.7670046,144.2966021,0.001218104688,0.0001644379556,0.0013881822,0.001656578772,2.525724406,3.951975463
55,mar.2020,2020-03-06,mytilus_californianus,shell,34,33.7,20.54,24.313,0,0,NA,NA,NA,809.82,8.59,jenner,NA,NA,NA,NA,8.5,NA,NA,8.025,NA,NA,7.948340587,13.9,14,256.9,NA,13.9,NA,NA,NA,NA,2020-03-06,14:24:00,2020-03-06,18:54:00,8.006,NA,NA,7.920146713,13.7,13.9,256.5,NA,13.7,NA,NA,NA,NA,4006.541798,NA,3991.999519,NA,NA,NA,0,0,shells from 2020-01-14,dark,first,0,NA,NA,NA,-0.019,-0.014542279,NA,-0.2,NA,NA,2020-03-06 14:24:00,2020-03-06 18:54:00,4.5,NA,0.80982,,,NA,,0.1539428546,8,33.7,13.95,1,0,8.0155,3.00E-05,769.0092343,771.8362393,769.0092343,771.8362393,769.0092343,771.8362481,0.003439510892,0.0002468380048,0.003716314335,0.003999270659,3.793145266,5.932793932
6,mar.2020,2020-03-06,mytilus_californianus,shell,34,33.7,1.47,0,1.239,0,NA,NA,NA,851.95,13.36,carmet,NA,NA,NA,NA,13.07,NA,NA,7.705,NA,NA,7.568584868,13.3,13.6,258.3,NA,13.3,NA,NA,NA,NA,2020-03-06,18:18:00,2020-03-06,21:35:00,7.661,NA,NA,7.511171858,13.3,13.5,257.7,NA,13.3,NA,NA,NA,NA,1025.447484,NA,1039.717188,NA,NA,NA,0,0,shells from 2020-01-14,dark,first,0,NA,NA,NA,-0.044,0.014269704,NA,0,NA,NA,2020-03-06 18:18:00,2020-03-06 21:35:00,3.283333333,NA,0.85195,,,NA,,-0.1416473692,8,33.7,13.55,1,0,7.683,1.78E-05,450.3105629,451.973925,450.3105629,451.973925,450.3105629,451.973928,0.0009377754319,3.08E-05,0.0009863757426,0.001032582336,0.4733471188,0.7409586731
7,mar.2020,2020-03-06,mytilus_californianus,shell,34,33.7,10.66,6.773,0,0,NA,NA,NA,795.55,10.13,jenner,NA,NA,NA,NA,9.69,NA,NA,8.597,NA,NA,8.499820598,13.3,13.6,258,NA,13.3,NA,NA,NA,NA,2020-03-06,18:14:00,2020-03-06,21:58:00,8.565,NA,NA,8.466751458,13.2,13.5,257.8,NA,13.2,NA,NA,NA,NA,2725.790035,NA,2711.281393,NA,NA,NA,0,0,shells from 2020-01-14,dark,first,0,NA,NA,NA,-0.032,-0.014508642,NA,-0.1,NA,NA,2020-03-06 18:14:00,2020-03-06 21:58:00,3.733333333,NA,0.79555,,,NA,,0.1595304918,8,33.7,13.55,1,0,8.581,4.01E-06,101.7209723,102.096562,101.7209723,102.096562,101.7209723,102.0965621,0.001676212251,0.0004355612669,0.002115786812,0.002718535714,6.686623848,10.46698854
8,mar.2020,2020-03-06,mytilus_californianus,shell,34,33.7,0.88,0,2.23,0,NA,NA,NA,849.56,20.93,carmet,NA,NA,NA,NA,20.27,NA,NA,7.538,NA,NA,7.392852308,13.3,13.6,258.7,NA,13.3,NA,NA,NA,NA,2020-03-06,18:11:00,2020-03-06,21:29:00,7.512,NA,NA,7.393093738,13.3,13.6,258.4,NA,13.3,NA,NA,NA,NA,1366.522605,NA,1345.861315,NA,NA,NA,0,0,shells from 2020-01-14,dark,first,0,NA,NA,NA,-0.026,-0.02066129,NA,0,NA,NA,2020-03-06 18:11:00,2020-03-06 21:29:00,3.3,NA,0.84956,,,NA,,0.1312060332,8,33.7,13.6,1,0,7.525,3.46E-05,879.2845813,882.5318155,879.2845813,882.5318155,879.2845813,882.5318271,0.001274256527,2.92E-05,0.00133806308,0.00135619196,0.4478918007,0.7010437692
9,mar.2020,2020-03-06,mytilus_californianus,shell,34,33.7,1.66,0,0.798,0,NA,NA,NA,818.81,14,jenner,NA,NA,NA,NA,13.35,NA,NA,7.884,NA,NA,7.721836587,13.5,13.6,259.1,NA,13.5,NA,NA,NA,NA,2020-03-06,18:09:00,2020-03-06,21:39:00,7.809,NA,NA,7.658247292,13.3,13.5,258.3,NA,13.3,NA,NA,NA,NA,876.3349604,NA,889.5277382,NA,NA,NA,0,0,shells from 2020-01-14,dark,first,0,NA,NA,NA,-0.075,0.0131927778,NA,-0.2,NA,NA,2020-03-06 18:09:00,2020-03-06 21:39:00,3.5,NA,0.81881,,,NA,,-0.1155952744,8,33.7,13.55,1,0,7.8465,9.96E-06,252.3318801,253.2637699,252.3318801,253.2637699,252.3318801,253.2637708,0.0007629957338,3.66E-05,0.0008095573577,0.0008829313493,0.561957128,0.8796627808
11,mar.2020,2020-03-06,mytilus_californianus,shell,34,33.7,10.66,15.373,0,0,NA,NA,NA,805.85,13.73,jenner,NA,NA,NA,NA,13.21,NA,NA,6.946,NA,NA,6.895332146,13.4,13.6,259.6,NA,13.4,NA,NA,NA,NA,2020-03-06,18:01:00,2020-03-06,21:14:00,6.977,NA,NA,6.925304177,13.3,13.6,258.7,NA,13.3,NA,NA,NA,NA,1872.746386,NA,1894.254198,NA,NA,NA,0,0,shells from 2020-01-14,dark,first,0,NA,NA,NA,0.031,0.021507812,NA,-0.1,NA,NA,2020-03-06 18:01:00,2020-03-06 21:14:00,3.216666667,NA,0.80585,,,NA,,-0.2039442991,8,33.7,13.6,1,0,6.9615,0.0001844507162,4682.722006,4700.087881,4682.722006,4700.087881,4682.722006,4700.088211,0.001853730223,1.16E-05,0.002049777746,0.001883500292,0.1780522722,0.2786888168
17,nov.2021.diss,2021-11-18,mytilus_californianus,shell.accl,ambient,32.26,0,0,0,0,NA,NA,NA,528.54,8.4,carmet,0,0,0,0,8.01,NA,NA,7.392,NA,-52.6,NA,NA,14.1,266.2,NA,14.1,NA,NA,NA,NA,2021-11-19,10:40:00,2021-11-21,17:42:00,7.211,NA,-42.9,NA,NA,14.5,243.8,NA,14.5,NA,NA,NA,NA,2670.375719,1.46657138,2732.074276,1.180241027,0,0,0,0,,dark,first,51,NA,NA,NA,-0.181,0.061698557,0,0.4,NA,0.061698557,2021-11-19 10:40:00,2021-11-21 17:42:00,55.03333333,1,0.52854,,,NA,,-0.0369883141,8,32.26,14.3,1,0,7.3015,0.0001213504881,3126.952137,3138.421171,3126.952137,3138.421171,3126.952137,3138.421323,0.002614999378,3.61E-05,0.002772432723,0.002701224998,0.5582650214,0.8753364405
21,nov.2021.diss,2021-11-18,mytilus_californianus,shell.accl,ambient,32.36,0,0,0,0,NA,NA,NA,533.07,9.58,carmet,0,0,0,0,9.2,NA,NA,7.488,NA,-58,7.391906912,14.2,14.2,266.7,NA,14.2,NA,NA,NA,NA,2021-11-19,10:50:00,2021-11-21,17:49:00,7.327,NA,-49.3,7.392609586,14.5,14.5,249.8,NA,14.5,NA,NA,NA,NA,2684.770421,1.56621573,2708.569182,3.789893111,0,0,0,0,,dark,first,51,NA,NA,NA,-0.161,0.023798761,0,0.3,NA,0.023798761,2021-11-19 10:50:00,2021-11-21 17:49:00,54.98333333,1,0.53307,,,NA,,-0.01253977377,8,32.36,14.35,1,0,7.4075,9.33E-05,2409.15617,2417.980972,2409.15617,2417.980972,2409.15617,2417.981061,0.002587508919,4.57E-05,0.002726508716,0.002696669802,0.7062595064,1.106981007
22,nov.2021.diss,2021-11-18,mytilus_californianus,shell.accl,ambient,32.34,0,0,0,0,NA,NA,NA,530.16,6.64,carmet,0,0,0,0,6.3,NA,NA,7.506,NA,-59.1,NA,NA,14.1,266.8,NA,14.1,NA,NA,NA,NA,2021-11-19,10:51:00,2021-11-21,17:51:00,7.335,NA,-49.6,NA,NA,14.4,252.9,NA,14.4,NA,NA,NA,NA,2683.2954,1.010278802,2718.878074,3.34229879,0,0,0,0,,dark,first,51,NA,NA,NA,-0.171,0.035582674,0,0.3,NA,0.035582674,2021-11-19 10:51:00,2021-11-21 17:51:00,55,1,0.53016,,,NA,,-0.0272215158,8,32.34,14.25,1,0,7.4205,9.11E-05,2344.616242,2353.214845,2344.616242,2353.214845,2344.616242,2353.21493,0.002588888391,4.69E-05,0.002726947833,0.002701086737,0.7258535102,1.137986659
1,nov.2021.diss,2021-11-18,mytilus_californianus,shell.accl,ambient,32.19,0,0,0,0,NA,NA,NA,535.55,9.12,carmet,0,0,0,0,8.73,NA,NA,7.242,NA,-44.6,NA,NA,14.2,265.4,NA,14.2,NA,NA,NA,NA,2021-11-19,9:49:00,2021-11-21,17:23:00,7.09,NA,-36.8,NA,NA,14.5,232.6,NA,14.5,NA,NA,NA,NA,2615.30619,1.919270944,2784.946002,5.546323187,0,0,0,0,,dark,first,51,NA,NA,NA,-0.152,0.169639812,0,0.3,NA,0.169639812,2021-11-19 9:49:00,2021-11-21 17:23:00,55.56666667,1,0.53555,,,NA,,-0.09364168539,8,32.19,14.35,1,0,7.166,0.0001665009272,4293.564615,4309.325897,4293.564615,4309.325897,4293.564615,4309.326181,0.002637005523,2.64E-05,0.002829929618,0.002700126096,0.4089965415,0.6413097988
2,nov.2021.diss,2021-11-18,mytilus_californianus,shell.accl,ambient,32.17,0,0,0,0,NA,NA,NA,528.76,9.39,carmet,0,0,0,0,9.11,NA,NA,7.203,NA,-42.6,7.080857287,14.2,14.1,266.2,NA,14.1,NA,NA,NA,NA,2021-11-19,9:52:00,2021-11-21,17:30:00,7.069,NA,-35.3,NA,NA,14.5,246.2,NA,14.5,NA,NA,NA,NA,2619.878672,3.316250749,2738.378403,6.647082648,0,0,0,0,,dark,first,51,NA,NA,NA,-0.134,0.118499731,0,0.4,NA,0.118499731,2021-11-19 9:52:00,2021-11-21 17:30:00,55.63333333,1,0.52876,,,NA,,-0.06181480503,8,32.17,14.3,1,0,7.136,0.0001765398936,4545.520727,4562.22047,4545.520727,4562.22047,4545.520727,4562.220785,0.002620756469,2.44E-05,0.002821713462,0.002679128538,0.3779174574,0.5926728447
6,nov.2021.diss,2021-11-18,mytilus_californianus,shell.accl,ambient,32.39,0,0,0,0,NA,NA,NA,529.29,8.15,carmet,0,0,0,0,7.93,NA,NA,8.524,NA,-113.7,8.305880475,14,14,267,NA,14,NA,NA,NA,NA,2021-11-19,10:05:00,2021-11-21,18:05:00,8.202,NA,-96.4,8.198605955,14.6,14.6,239.2,NA,14.6,NA,NA,NA,NA,3198.700586,2.114027083,3120.974838,0.972053874,0,0,0,0,,dark,first,51,NA,NA,NA,-0.322,-0.077725748,0,0.6,NA,-0.077725748,2021-11-19 10:05:00,2021-11-21 18:05:00,56,1,0.52929,,,NA,,0.0463198761,8,32.39,14.3,1,0,8.363,9.89E-06,255.6964122,256.6301876,255.6964122,256.6301876,255.6964122,256.6301887,0.002294154608,0.0003723181039,0.002676363412,0.003159837712,5.756850227,9.024526056
7,nov.2021.diss,2021-11-18,mytilus_californianus,shell.accl,ambient,32.44,0,0,0,0,NA,NA,NA,537.82,7.64,carmet,0,0,0,0,7.34,NA,NA,8.532,NA,-114,NA,NA,14.1,267.1,NA,14.1,NA,NA,NA,NA,2021-11-19,10:07:00,2021-11-21,18:10:00,8.197,NA,-95.6,NA,NA,14.5,248.1,NA,14.5,NA,NA,NA,NA,3214.671875,1.62597319,3129.924459,1.689001036,0,0,0,0,,dark,first,51,NA,NA,NA,-0.335,-0.084747416,0,0.4,NA,-0.084747416,2021-11-19 10:07:00,2021-11-21 18:10:00,56.05,1,0.53782,,,NA,,0.05539387428,8,32.44,14.3,1,0,8.3645,9.96E-06,257.2026699,258.1424229,257.2026699,258.1424229,257.2026699,258.1424241,0.002298285157,0.0003760933435,0.002684336494,0.003172298167,5.814448213,9.113307105
11,nov.2021.diss,2021-11-18,mytilus_californianus,shell.accl,ambient,32.4,0,0,0,0,NA,NA,NA,530.23,12.02,carmet,0,0,0,0,11.68,NA,NA,7.775,NA,-72.6,7.471594163,14.1,14.1,266,NA,14.1,NA,NA,NA,NA,2021-11-19,10:19:00,2021-11-21,17:58:00,7.366,NA,-51.3,7.4287624,14.7,14.7,244.8,NA,14.7,NA,NA,NA,NA,2641.264565,2.041327944,2668.711175,0.4316427565,0,0,0,0,,dark,first,51,NA,NA,NA,-0.409,0.02744661,0,0.6,NA,0.02744661,2021-11-19 10:19:00,2021-11-21 17:58:00,55.65,1,0.53023,,,NA,,-0.01119476549,8,32.4,14.4,1,0,7.5705,6.80E-05,1765.023946,1771.473586,1765.023946,1771.473586,1765.023946,1771.473641,0.002489439896,6.90E-05,0.002626522175,0.00265498787,1.067733913,1.673548718
12,nov.2021.diss,2021-11-18,mytilus_californianus,shell.accl,ambient,32.38,0,0,0,0,NA,NA,NA,540,9.17,carmet,0,0,0,0,8.8,NA,NA,7.695,NA,-68.9,NA,NA,14.1,266.5,NA,14.1,NA,NA,NA,NA,2021-11-19,10:21:00,2021-11-21,18:00:00,7.382,NA,-52.4,NA,NA,14.5,250.2,NA,14.5,NA,NA,NA,NA,2643.540904,2.265134499,2668.669099,0.3651089368,0,0,0,0,,dark,first,51,NA,NA,NA,-0.313,0.025128195,0,0.4,NA,0.025128195,2021-11-19 10:21:00,2021-11-21 18:00:00,55.65,1,0.54,,,NA,,-0.01385406487,8,32.38,14.3,1,0,7.5385,7.05E-05,1819.540892,1826.203215,1819.540892,1826.203215,1819.540892,1826.203271,0.002507228898,6.21E-05,0.002639828461,0.002656105002,0.9602333436,1.505261698
16,nov.2021.diss,2021-11-18,mytilus_californianus,shell.accl,ambient,32.2,0,0,0,0,NA,NA,NA,531.6,9.7,carmet,0,0,0,0,9.36,NA,NA,7.422,NA,-53.8,7.267675185,14.1,14.1,266.3,NA,14.1,NA,NA,NA,NA,2021-11-19,10:38:00,2021-11-21,17:38:00,7.237,NA,-44.4,7.328790137,14.6,14.6,248.4,NA,14.6,NA,NA,NA,NA,2665.485169,1.243782724,2784.570302,0.6017202558,0,0,0,0,,dark,first,51,NA,NA,NA,-0.185,0.119085133,0,0.5,NA,0.119085133,2021-11-19 10:38:00,2021-11-21 17:38:00,55,1,0.5316,,,NA,,-0.06148568056,8,32.2,14.35,1,0,7.3295,0.0001148145021,2963.396266,2974.254637,2963.396266,2974.254637,2963.396266,2974.254774,0.002632672664,3.87E-05,0.002786184251,0.002725027736,0.5989217504,0.9391351922
1,mar.2020,2020-03-06,mytilus_californianus,shell.long,34,33.7,18.97,23.615,0,0,NA,NA,NA,543.73,16.4,jenner,NA,NA,NA,NA,15.32,NA,NA,7.535,NA,NA,7.454504336,13.2,13.4,255.4,NA,13.2,NA,NA,NA,NA,2020-03-06,21:37:00,2020-03-11,11:08:00,7.5,NA,NA,7.438951802,13.3,13.4,202.1,NA,13.3,NA,NA,NA,NA,3626.740705,NA,3723.162332,NA,NA,NA,0,0,shells from 2020-01-14,dark,first,0,NA,NA,NA,-0.035,0.096421627,NA,0.1,NA,NA,2020-03-06 21:37:00,2020-03-11 11:08:00,108.5166667,NA,0.54373,,,NA,,-0.01576785237,8,33.7,13.4,1,0,7.5175,9.73E-05,2453.645023,2462.745454,2453.645023,2462.745454,2453.645023,2462.745545,0.003495827522,7.80E-05,0.003671100514,0.003674951519,1.197322783,1.874817255
2,mar.2020,2020-03-06,mytilus_californianus,shell.long,34,33.7,20.93,20.029,0,0,NA,NA,NA,531.01,22.24,carmet,NA,NA,NA,NA,21.36,NA,NA,8.352,NA,NA,8.267095759,13.2,13.5,255.3,NA,13.2,NA,NA,NA,NA,2020-03-06,21:55:00,2020-03-11,10:49:00,8.137,NA,NA,8.053761892,13.1,13.3,139.6,NA,13.1,NA,NA,NA,NA,4664.218705,NA,4625.579056,NA,NA,NA,0,0,shells from 2020-01-14,dark,first,0,NA,NA,NA,-0.215,-0.038639649,NA,-0.1,NA,NA,2020-03-06 21:55:00,2020-03-11 10:49:00,107.9,NA,0.53101,,,NA,,0.004451262269,8,33.7,13.4,1,0,8.2445,1.99E-05,501.0504145,502.9055507,501.0504145,502.9055507,501.0504145,502.9055548,0.003656557508,0.0004436182238,0.004120053111,0.004644898881,6.808151861,10.66004958
3,mar.2020,2020-03-06,mytilus_californianus,shell.long,34,33.7,24.25,31.232,0,0,NA,NA,NA,548.12,13.05,jenner,NA,NA,NA,NA,12.35,NA,NA,7.5,NA,NA,7.435088957,13.4,13.6,256,NA,13.4,NA,NA,NA,NA,2020-03-06,21:31:00,2020-03-11,11:14:00,7.478,NA,NA,7.411770225,13.1,13.2,202.8,NA,13.1,NA,NA,NA,NA,4519.268819,NA,4572.807944,NA,NA,NA,0,0,shells from 2020-01-14,dark,first,0,NA,NA,NA,-0.022,0.053539125,NA,-0.3,NA,NA,2020-03-06 21:31:00,2020-03-11 11:14:00,108.7166667,NA,0.54812,,,NA,,-0.01092833091,8,33.7,13.4,1,0,7.489,0.0001289134322,3251.729952,3263.801953,3251.729952,3263.801953,3251.729952,3263.802113,0.004342805009,9.08E-05,0.00456249541,0.004546038382,1.393097035,2.181341906
4,mar.2020,2020-03-06,mytilus_californianus,shell.long,34,33.7,16.23,16.169,0,0,NA,NA,NA,537.01,14.53,carmet,NA,NA,NA,NA,13.99,NA,NA,8.245,NA,NA,8.148455013,13.3,13.5,256.5,NA,13.3,NA,NA,NA,NA,2020-03-06,21:52:00,2020-03-11,10:52:00,8.105,NA,NA,8.020478948,13.2,13.3,203.1,NA,13.2,NA,NA,NA,NA,3534.333232,NA,3525.830461,NA,NA,NA,0,0,shells from 2020-01-14,dark,first,0,NA,NA,NA,-0.14,-0.008502771,NA,-0.1,NA,NA,2020-03-06 21:52:00,2020-03-11 10:52:00,108,NA,0.53701,,,NA,,0.001511024096,8,33.7,13.4,1,0,8.175,1.78E-05,448.421311,450.0812354,448.421311,450.0812354,448.421311,450.0812386,0.002856972712,0.0002922360969,0.003166992837,0.003530081847,4.484838797,7.022351885
6,mar.2020,2020-03-06,mytilus_californianus,shell.long,34,33.7,1.47,0,1.239,0,NA,NA,NA,530.64,13.36,carmet,NA,NA,NA,NA,13.07,NA,NA,7.661,NA,NA,7.511171858,13.3,13.5,257.7,NA,13.3,NA,NA,NA,NA,2020-03-06,21:41:00,2020-03-11,11:05:00,7.648,NA,NA,7.575667249,13.4,13.5,198.6,NA,13.4,NA,NA,NA,NA,1039.717188,NA,1271.869117,NA,NA,NA,0,0,shells from 2020-01-14,dark,first,0,NA,NA,NA,-0.013,0.232151929,NA,0.1,NA,NA,2020-03-06 21:41:00,2020-03-11 11:05:00,108.4,NA,0.53064,,,NA,,-0.04347478226,8,33.7,13.5,1,0,7.6545,2.15E-05,543.0715918,545.0790175,543.0715918,545.0790175,543.0715918,545.079022,0.001059693362,3.25E-05,0.001113645552,0.001155793153,0.498779625,0.780852056
7,mar.2020,2020-03-06,mytilus_californianus,shell.long,34,33.7,10.66,6.773,0,0,NA,NA,NA,539.03,10.13,jenner,NA,NA,NA,NA,9.69,NA,NA,8.565,NA,NA,8.466751458,13.2,13.5,257.8,NA,13.2,NA,NA,NA,NA,2020-03-06,22:02:00,2020-03-11,10:40:00,8.427,NA,NA,8.343960657,13.3,13.3,193.4,NA,13.3,NA,NA,NA,NA,2711.281393,NA,2710.882025,NA,NA,NA,0,0,shells from 2020-01-14,dark,first,0,NA,NA,NA,-0.138,-0.000399368,NA,0.1,NA,NA,2020-03-06 22:02:00,2020-03-11 10:40:00,107.6333333,NA,0.53903,,,NA,,0.0001032014115,8,33.7,13.4,1,0,8.496,5.35E-06,134.9549628,135.4543623,134.9549628,135.4543623,134.9549628,135.4543626,0.001794425446,0.0003827180233,0.002182496034,0.002711081709,5.873393699,9.196597771
8,mar.2020,2020-03-06,mytilus_californianus,shell.long,34,33.7,0.88,0,2.23,0,NA,NA,NA,550.01,20.93,carmet,NA,NA,NA,NA,20.27,NA,NA,7.512,NA,NA,7.393093738,13.3,13.6,258.4,NA,13.3,NA,NA,NA,NA,2020-03-06,21:34:00,2020-03-11,10:11:00,7.509,NA,NA,7.429602471,13.1,13.3,133.7,NA,13.1,NA,NA,NA,NA,1345.861315,NA,1719.522427,NA,NA,NA,0,0,shells from 2020-01-14,dark,first,0,NA,NA,NA,-0.003,0.373661112,NA,-0.2,NA,NA,2020-03-06 21:34:00,2020-03-11 10:11:00,107.6166667,NA,0.55001,,,NA,,-0.04710697397,8,33.7,13.45,1,0,7.5105,4.08E-05,1030.879125,1034.695159,1030.879125,1034.695159,1030.879125,1034.695175,0.001446373997,3.18E-05,0.001518979172,0.001532691871,0.4878071426,0.7637772957
9,mar.2020,2020-03-06,mytilus_californianus,shell.long,34,33.7,1.66,0,0.798,0,NA,NA,NA,544.34,14,jenner,NA,NA,NA,NA,13.35,NA,NA,7.809,NA,NA,7.658247292,13.3,13.5,258.3,NA,13.3,NA,NA,NA,NA,2020-03-06,21:44:00,2020-03-11,11:02:00,7.76,NA,NA,7.650803297,13.4,13.4,132.5,NA,13.4,NA,NA,NA,NA,889.5277382,NA,1101.595242,NA,NA,NA,0,0,shells from 2020-01-14,dark,first,0,NA,NA,NA,-0.049,0.2120675038,NA,0.1,NA,NA,2020-03-06 21:44:00,2020-03-11 11:02:00,108.3,NA,0.54434,,,NA,,-0.03992129818,8,33.7,13.45,1,0,7.7845,1.33E-05,337.160774,338.4077211,337.160774,338.4077211,337.160774,338.4077229,0.000882072451,3.63E-05,0.000931698975,0.0009955614901,0.556822497,0.8718128534
11,mar.2020,2020-03-06,mytilus_californianus,shell.long,34,33.7,10.66,15.373,0,0,NA,NA,NA,541.55,13.73,jenner,NA,NA,NA,NA,13.21,NA,NA,6.977,NA,NA,6.925304177,13.3,13.6,258.7,NA,13.3,NA,NA,NA,NA,2020-03-06,21:19:00,2020-03-11,11:33:00,7.392,NA,NA,7.328292652,13.1,13.3,188,NA,13.1,NA,NA,NA,NA,1894.254198,NA,2370.2899,NA,NA,NA,0,0,shells from 2020-01-14,dark,first,0,NA,NA,NA,0.415,0.476035702,NA,-0.2,NA,NA,2020-03-06 21:19:00,2020-03-11 11:33:00,109.2333333,NA,0.54155,,,NA,,-0.0893285091,8,33.7,13.45,1,0,7.1845,0.0001317375699,3334.475869,3346.844507,3334.475869,3346.844507,3334.475869,3346.844696,0.002070161411,2.50E-05,0.002226889509,0.002132272049,0.3834828588,0.6005060499
12,mar.2020,2020-03-06,mytilus_californianus,shell.long,34,33.7,21.71,28.261,0,0,NA,NA,NA,537.32,16.98,carmet,NA,NA,NA,NA,16.05,NA,NA,7.514,NA,NA,7.438453056,13.3,13.5,258.7,NA,13.3,NA,NA,NA,NA,2020-03-06,21:28:00,2020-03-11,11:16:00,7.459,NA,NA,7.376965488,13.2,13.4,178.2,NA,13.2,NA,NA,NA,NA,4016.079547,NA,4144.296963,NA,NA,NA,0,0,shells from 2020-01-14,dark,first,0,NA,NA,NA,-0.055,0.128217416,NA,-0.1,NA,NA,2020-03-06 21:28:00,2020-03-11 11:16:00,108.8,NA,0.53732,,,NA,,-0.01972632111,8,33.7,13.45,1,0,7.4865,0.0001164864937,2943.138132,2954.053659,2943.138132,2954.053659,2943.138132,2954.053791,0.003896205676,8.12E-05,0.00409387256,0.004080188255,1.245961179,1.950771246
13,mar.2020,2020-03-06,mytilus_californianus,shell.long,34,33.7,16.23,17.169,0,0,NA,NA,NA,531.32,24.5,jenner,NA,NA,NA,NA,23.69,NA,NA,8.149,NA,NA,8.07497915,13.3,13.5,258.2,NA,13.3,NA,NA,NA,NA,2020-03-06,21:46:00,2020-03-11,10:58:00,7.851,NA,NA,7.773570592,13.3,13.4,148.9,NA,13.3,NA,NA,NA,NA,3402.193823,NA,3436.15712,NA,NA,NA,0,0,shells from 2020-01-14,dark,first,0,NA,NA,NA,-0.298,0.033963297,NA,0,NA,NA,2020-03-06 21:46:00,2020-03-11 10:58:00,108.2,NA,0.53132,,,NA,,-0.003520008318,8,33.7,13.45,1,0,8,2.89E-05,730.8289479,733.5336293,730.8289479,733.5336293,730.8289479,733.5336385,0.002938014587,0.0002078274556,0.003174780787,0.003419175472,3.189839062,4.99413383
14,mar.2020,2020-03-06,mytilus_californianus,shell.long,34,33.7,8.61,0.255,0,0,NA,NA,NA,537.97,22.58,carmet,NA,NA,NA,NA,22.33,NA,NA,8.971,NA,NA,8.871687724,13.3,13.5,259.6,NA,13.3,NA,NA,NA,NA,2020-03-06,21:01:00,2020-03-11,10:39:00,8.74,NA,NA,8.65780005,13.1,13.2,159.7,NA,13.1,NA,NA,NA,NA,2649.307764,NA,2615.122597,NA,NA,NA,0,0,shells from 2020-01-14,dark,first,0,NA,NA,NA,-0.231,-0.034185167,NA,-0.2,NA,NA,2020-03-06 21:01:00,2020-03-11 10:39:00,108.6333333,NA,0.53797,,,NA,,0.003790652203,8,33.7,13.35,1,0,8.8555,1.67E-06,41.91991559,42.07519621,41.91991559,42.07519621,41.91991559,42.07519624,0.001214981361,0.0005886952115,0.001805343705,0.002632215181,9.033550231,14.14595088
16,mar.2020,2020-03-06,mytilus_californianus,shell.long,34,33.7,11.15,15.426,0,0,NA,NA,NA,544.72,19.14,carmet,NA,NA,NA,NA,18.75,NA,NA,7.117,NA,NA,7.061890631,13.2,13.5,257.1,NA,13.2,NA,NA,NA,NA,2020-03-06,21:25:00,2020-03-11,11:25:00,7.354,NA,NA,7.298284756,13.3,13.4,156.3,NA,13.3,NA,NA,NA,NA,2086.141701,NA,2506.682401,NA,NA,NA,0,0,shells from 2020-01-14,dark,first,0,NA,NA,NA,0.237,0.4205407,NA,0.1,NA,NA,2020-03-06 21:25:00,2020-03-11 11:25:00,109,NA,0.54472,,,NA,,-0.05604328565,8,33.7,13.45,1,0,7.2355,0.0001200094198,3033.413939,3044.66452,3033.413939,3044.66452,3033.413939,3044.664664,0.002228483584,2.76E-05,0.002376083629,0.002296412051,0.423442629,0.6629998106
17,mar.2020,2020-03-06,mytilus_californianus,shell.long,34,33.7,11.05,9.889,0,0,NA,NA,NA,550.62,15.51,jenner,NA,NA,NA,NA,15.07,NA,NA,8.251,NA,NA,8.158294543,13.3,13.5,257.1,NA,13.3,NA,NA,NA,NA,2020-03-06,21:50:00,2020-03-11,10:56:00,8.091,NA,NA,7.997166347,13.2,13.3,201.8,NA,13.2,NA,NA,NA,NA,2525.901471,NA,2541.16953,NA,NA,NA,0,0,shells from 2020-01-14,dark,first,0,NA,NA,NA,-0.16,0.015268059,NA,-0.1,NA,NA,2020-03-06 21:50:00,2020-03-11 10:56:00,108.1,NA,0.55062,,,NA,,-0.002580280199,8,33.7,13.4,1,0,8.171,1.29E-05,324.0679969,325.2674858,324.0679969,325.2674858,324.0679969,325.2674874,0.002032727647,0.0002063234636,0.002251904655,0.002533535501,3.166379238,4.957897741
18,mar.2020,2020-03-06,mytilus_californianus,shell.long,34,33.7,7.43,10.073,0,0,NA,NA,NA,547.19,9.33,carmet,NA,NA,NA,NA,9.08,NA,NA,6.985,NA,NA,6.921097933,13.4,13.7,257.3,NA,13.4,NA,NA,NA,NA,2020-03-06,21:16:00,2020-03-11,11:36:00,7.369,NA,NA,7.304956222,13,13.2,209,NA,13,NA,NA,NA,NA,1428.484924,NA,1768.441066,NA,NA,NA,0,0,shells from 2020-01-14,dark,first,0,NA,NA,NA,0.384,0.339956142,NA,-0.4,NA,NA,2020-03-06 21:16:00,2020-03-11 11:36:00,109.3333333,NA,0.54719,,,NA,,-0.09368986449,8,33.7,13.45,1,0,7.177,9.93E-05,2515.747075,2525.065373,2515.747075,2525.065373,2515.747075,2525.065479,0.001550708207,1.80E-05,0.001668015736,0.001598462995,0.2762541535,0.432630841
19,mar.2020,2020-03-06,mytilus_californianus,shell.long,34,33.7,12.22,14.437,0,0,NA,NA,NA,547.64,13.59,jenner,NA,NA,NA,NA,12.76,NA,NA,7.668,NA,NA,7.559797027,13.3,13.5,257,NA,13.3,NA,NA,NA,NA,2020-03-06,20:43:00,2020-03-11,12:00:00,7.533,NA,NA,7.45317647,13.1,13.2,175.3,NA,13.1,NA,NA,NA,NA,2507.607899,NA,2626.059316,NA,NA,NA,0,0,shells from 2020-01-14,dark,first,0,NA,NA,NA,-0.135,0.118451417,NA,-0.2,NA,NA,2020-03-06 20:43:00,2020-03-11 12:00:00,110.2833333,NA,0.54764,,,NA,,-0.02304861682,8,33.7,13.35,1,0,7.6005,5.63E-05,1417.514737,1422.771726,1417.514737,1422.771726,1417.514737,1422.771758,0.002408120587,6.54E-05,0.002529863589,0.002566833608,1.003892159,1.572031725
21,mar.2020,2020-03-06,mytilus_californianus,shell.long,34,33.7,0.1,0,3.863,0,NA,NA,NA,553.59,9.69,jenner,NA,NA,NA,NA,8.86,NA,NA,7.234,NA,NA,7.149146473,13.2,13.5,257.6,NA,13.2,NA,NA,NA,NA,2020-03-06,20:34:00,2020-03-11,12:10:00,7.398,NA,NA,7.332652783,13.3,13.4,196.9,NA,13.3,NA,NA,NA,NA,1856.405044,NA,2078.38481,NA,NA,NA,0,0,shells from 2020-01-14,dark,first,0,NA,NA,NA,0.164,0.221979766,NA,0.1,NA,NA,2020-03-06 20:34:00,2020-03-11 12:10:00,110.6,NA,0.55359,,,NA,,-0.06270220032,8,33.7,13.45,1,0,7.316,8.44E-05,2133.619186,2141.524412,2133.619186,2141.524412,2133.619186,2141.524482,0.001897587032,2.74E-05,0.002009400063,0.001967394927,0.4204513011,0.6583089789
22,mar.2020,2020-03-06,mytilus_californianus,shell.long,34,33.7,6.65,0.241,0,0,NA,NA,NA,540.09,14.47,carmet,NA,NA,NA,NA,13.65,NA,NA,8.786,NA,NA,8.694355576,13.2,13.4,257.4,NA,13.2,NA,NA,NA,NA,2020-03-06,20:54:00,2020-03-11,11:45:00,8.545,NA,NA,8.445406362,13.2,13.3,168.4,NA,13.2,NA,NA,NA,NA,2049.369999,NA,2054.826181,NA,NA,NA,0,0,shells from 2020-01-14,dark,first,0,NA,NA,NA,-0.241,0.005456182,NA,0,NA,NA,2020-03-06 20:54:00,2020-03-11 11:45:00,109.85,NA,0.54009,,,NA,,-0.0009826351073,8,33.7,13.35,1,0,8.6655,2.43E-06,61.10374733,61.32998272,61.10374733,61.32998272,61.10374733,61.32998279,0.001142109874,0.0003590553253,0.001503592317,0.00205209809,5.509546395,8.627808539
23,mar.2020,2020-03-06,mytilus_californianus,shell.long,34,33.7,16.14,23.665,0,0,NA,NA,NA,553.69,12.52,jenner,NA,NA,NA,NA,11.83,NA,NA,7.003,NA,NA,6.948510897,13.4,13.6,256.9,NA,13.4,NA,NA,NA,NA,2020-03-06,20:32:00,2020-03-11,12:12:00,7.237,NA,NA,7.191772631,13.3,13.4,190.5,NA,13.3,NA,NA,NA,NA,2815.59719,NA,3176.465305,NA,NA,NA,0,0,shells from 2020-01-14,dark,first,0,NA,NA,NA,0.234,0.360868115,NA,-0.1,NA,NA,2020-03-06 20:32:00,2020-03-11 12:12:00,110.6666667,NA,0.55369,,,NA,,-0.07631038097,8,33.7,13.5,1,0,7.12,0.0002071295027,5245.56886,5265.058522,5245.56886,5265.058522,5245.56886,5265.058955,0.002931011995,2.76E-05,0.003165750104,0.002996031248,0.4237558026,0.6634416411
24,mar.2020,2020-03-06,mytilus_californianus,shell.long,34,33.7,1.96,0.214,0,0,NA,NA,NA,545.3,33.82,carmet,NA,NA,NA,NA,33.08,NA,NA,7.487,NA,NA,7.300892056,13.1,13.4,258.8,NA,13.1,NA,NA,NA,NA,2020-03-06,20:38:00,2020-03-11,12:07:00,7.624,NA,NA,7.513176517,13.2,13.3,149.1,NA,13.2,NA,NA,NA,NA,584.602139,NA,1002.356386,NA,NA,NA,0,0,shells from 2020-01-14,dark,first,0,NA,NA,NA,0.137,0.417754247,NA,0.1,NA,NA,2020-03-06 20:38:00,2020-03-11 12:07:00,110.4833333,NA,0.5453,,,NA,,-0.03116478293,8,33.7,13.35,1,0,7.5555,1.81E-05,455.6114639,457.2987866,455.6114639,457.2987866,455.6114639,457.2987898,0.000730798622,1.87E-05,0.0007675914238,0.0007934792625,0.2869716295,0.4494151225
26,mar.2020,2020-03-06,mytilus_californianus,shell.long,34,33.7,14.38,10.126,0,0,NA,NA,NA,542.34,18.28,carmet,NA,NA,NA,NA,17.42,NA,NA,8.562,NA,NA,8.476734625,13.3,13.6,258.7,NA,13.3,NA,NA,NA,NA,2020-03-06,20:50:00,2020-03-11,11:55:00,8.289,NA,NA,8.222722518,13.3,13.4,144.7,NA,13.3,NA,NA,NA,NA,3425.586865,NA,3399.632673,NA,NA,NA,0,0,shells from 2020-01-14,dark,first,0,NA,NA,NA,-0.273,-0.025954192,NA,0,NA,NA,2020-03-06 20:50:00,2020-03-11 11:55:00,110.0833333,NA,0.54234,,,NA,,0.003670112965,8,33.7,13.5,1,0,8.4255,8.84E-06,223.3846354,224.2104986,223.3846354,224.2104986,223.3846354,224.2104994,0.002389942183,0.0004426612755,0.002841440502,0.003412609769,6.795148312,10.63748841
27,mar.2020,2020-03-06,mytilus_californianus,shell.long,34,33.7,19.36,27.931,0,0,NA,NA,NA,548.89,14.01,jenner,NA,NA,NA,NA,13.47,NA,NA,7.042,NA,NA,7.002694552,13.3,13.6,258.2,NA,13.3,NA,NA,NA,NA,2020-03-06,20:28:00,2020-03-11,12:14:00,7.253,NA,NA,7.214293898,13.3,13.4,206.4,NA,13.3,NA,NA,NA,NA,3333.089641,NA,3652.289894,NA,NA,NA,0,0,shells from 2020-01-14,dark,first,0,NA,NA,NA,0.211,0.319200253,NA,0,NA,NA,2020-03-06 20:28:00,2020-03-11 12:14:00,110.7666667,NA,0.54889,,,NA,,-0.05871402691,8,33.7,13.5,1,0,7.1475,0.0002260869723,5725.459507,5746.743488,5725.459507,5746.743488,5725.459507,5746.744001,0.003414544557,3.39E-05,0.003674515945,0.003492689768,0.5200859315,0.8142521229
28,mar.2020,2020-03-06,mytilus_californianus,shell.long,34,33.7,13.01,15.503,0,0,NA,NA,NA,526.44,21.96,carmet,NA,NA,NA,NA,21.04,NA,NA,7.567,NA,NA,7.47002413,13.2,13.5,257.3,NA,13.2,NA,NA,NA,NA,2020-03-06,20:41:00,2020-03-11,12:03:00,7.37,NA,NA,7.303047186,13.1,13.2,110.9,NA,13.1,NA,NA,NA,NA,2598.469626,NA,2955.377937,NA,NA,NA,0,0,shells from 2020-01-14,dark,first,0,NA,NA,NA,-0.197,0.356908311,NA,-0.1,NA,NA,2020-03-06 20:41:00,2020-03-11 12:03:00,110.3666667,NA,0.52644,,,NA,,-0.04045683315,8,33.7,13.35,1,0,7.4685,8.61E-05,2166.743209,2174.788256,2166.743209,2174.788256,2166.743209,2174.788333,0.002649346429,5.32E-05,0.00278868769,0.002776923782,0.8164817131,1.278547805
29,mar.2020,2020-03-06,mytilus_californianus,shell.long,34,33.7,7.73,0.085,0,0,NA,NA,NA,545,16.85,jenner,NA,NA,NA,NA,16.37,NA,NA,8.885,NA,NA,8.79306238,13.1,13.4,259.3,NA,13.1,NA,NA,NA,NA,2020-03-06,20:50:00,2020-03-11,11:42:00,8.712,NA,NA,8.63128696,13.2,13.3,191.7,NA,13.2,NA,NA,NA,NA,2349.683988,NA,2320.563989,NA,NA,NA,0,0,shells from 2020-01-14,dark,first,0,NA,NA,NA,-0.173,-0.029119999,NA,0.1,NA,NA,2020-03-06 20:50:00,2020-03-11 11:42:00,109.8666667,NA,0.545,,,NA,,0.004412078538,8,33.7,13.35,1,0,8.7985,1.73E-06,43.44036477,43.60118794,43.44036477,43.60118794,43.44036477,43.60118797,0.001139661568,0.0004851642577,0.001626551075,0.002335123989,7.44458964,11.65809318
31,mar.2020,2020-03-06,mytilus_californianus,shell.long,34,33.7,16.92,17.897,0,0,NA,NA,NA,532.33,21.48,jenner,NA,NA,NA,NA,20.78,NA,NA,8.119,NA,NA,8.025293562,13.3,13.6,256.7,NA,13.3,NA,NA,NA,NA,2020-03-06,20:14:00,2020-03-11,12:35:00,7.724,NA,NA,7.646872558,13.3,13.4,134.5,NA,13.3,NA,NA,NA,NA,3546.952996,NA,3601.962717,NA,NA,NA,0,0,shells from 2020-01-14,dark,first,0,NA,NA,NA,-0.395,0.055009721,NA,0,NA,NA,2020-03-06 20:14:00,2020-03-11 12:35:00,111.35,NA,0.53233,,,NA,,-0.00632782739,8,33.7,13.5,1,0,7.9215,3.89E-05,982.9321424,986.5703101,982.9321424,986.5703101,982.9321424,986.570328,0.003133112158,0.0001917331146,0.003363740896,0.003574457857,2.943341383,4.607521441
32,mar.2020,2020-03-06,mytilus_californianus,shell.long,34,33.7,22.49,33.093,0,0,NA,NA,NA,543.36,21.42,carmet,NA,NA,NA,NA,20.25,NA,NA,7.1,NA,NA,7.060944741,13.4,13.7,256.5,NA,13.4,NA,NA,NA,NA,2020-03-06,20:24:00,2020-03-11,12:26:00,7.256,NA,NA,7.208386892,13.2,13.3,150.9,NA,13.2,NA,NA,NA,NA,3916.952073,NA,4284.209487,NA,NA,NA,0,0,shells from 2020-01-14,dark,first,0,NA,NA,NA,0.156,0.367257414,NA,-0.2,NA,NA,2020-03-06 20:24:00,2020-03-11 12:26:00,111.0333333,NA,0.54336,,,NA,,-0.04437617187,8,33.7,13.5,1,0,7.178,0.0002445523457,6194.443034,6217.477214,6194.443034,6217.477214,6194.443034,6217.477802,0.004005674984,4.20E-05,0.004292186925,0.00410058078,0.6440095397,1.008296749
33,mar.2020,2020-03-06,mytilus_californianus,shell.long,34,33.7,5.48,1.292,0,0,NA,NA,NA,544.82,13.66,jenner,NA,NA,NA,NA,12.92,NA,NA,8.568,NA,NA,8.452612167,13.4,13.7,257.8,NA,13.4,NA,NA,NA,NA,2020-03-06,20:07:00,2020-03-11,12:49:00,8.398,NA,NA,8.294677198,13.2,13.3,208.9,NA,13.2,NA,NA,NA,NA,1612.532685,NA,1608.559308,NA,NA,NA,0,0,shells from 2020-01-14,dark,first,0,NA,NA,NA,-0.17,-0.003973377,NA,-0.2,NA,NA,2020-03-06 20:07:00,2020-03-11 12:49:00,111.7,NA,0.54482,,,NA,,0.0007500101365,8,33.7,13.5,1,0,8.483,3.20E-06,80.95169748,81.25097694,80.95169748,81.25097694,80.95169748,81.25097705,0.001032037372,0.000214824387,0.001250065624,0.001610545997,3.297739296,5.162410665
34,mar.2020,2020-03-06,mytilus_californianus,shell.long,34,33.7,21.81,24.399,0,0,NA,NA,NA,537.19,8.16,carmet,NA,NA,NA,NA,7.71,NA,NA,8.066,NA,NA,7.966620125,13.3,13.6,257,NA,13.3,NA,NA,NA,NA,2020-03-06,20:18:00,2020-03-11,12:33:00,7.966,NA,NA,7.878837772,13.3,13.4,215.7,NA,13.3,NA,NA,NA,NA,4427.66162,NA,4401.846548,NA,NA,NA,0,0,shells from 2020-01-14,dark,first,0,NA,NA,NA,-0.1,-0.025815072,NA,0,NA,NA,2020-03-06 20:18:00,2020-03-11 12:33:00,111.25,NA,0.53719,,,NA,,0.008083824321,8,33.7,13.5,1,0,8.016,3.38E-05,854.4645672,857.6246569,854.4645672,857.6246569,854.4645672,857.624668,0.003808471454,0.000270327424,0.004112574374,0.004414754084,4.149588261,6.496143374
35,mar.2020,2020-03-06,mytilus_californianus,shell.long,34,33.7,21.32,22.745,0,0,NA,NA,NA,545.65,14.05,jenner,NA,NA,NA,NA,13.6,NA,NA,8.226,NA,NA,8.148424927,13.5,13.7,257.7,NA,13.5,NA,NA,NA,NA,2020-03-06,20:12:00,2020-03-11,12:38:00,8.117,NA,NA,8.03269238,13,13.2,204.8,NA,13,NA,NA,NA,NA,4499.304555,NA,4467.096791,NA,NA,NA,0,0,shells from 2020-01-14,dark,first,0,NA,NA,NA,-0.109,-0.032207764,NA,-0.5,NA,NA,2020-03-06 20:12:00,2020-03-11 12:38:00,111.4333333,NA,0.54565,,,NA,,0.005798166854,8,33.7,13.45,1,0,8.1715,2.27E-05,574.1315967,576.2562672,574.1315967,576.2562672,574.1315967,576.2562722,0.00365401188,0.0003705970281,0.004047356078,0.004483200673,5.688337399,8.905598379
36,mar.2020,2020-03-06,mytilus_californianus,shell.long,34,33.7,9.78,13.203,0,0,NA,NA,NA,544.14,12.43,carmet,NA,NA,NA,NA,11.96,NA,NA,7.102,NA,NA,7.027949033,13.4,13.6,258.3,NA,13.4,NA,NA,NA,NA,2020-03-06,20:22:00,2020-03-11,12:30:00,7.963,NA,NA,7.295761394,13.4,13.4,217.9,NA,13.4,NA,NA,NA,NA,1814.643871,NA,2141.741677,NA,NA,NA,0,0,shells from 2020-01-14,dark,first,0,NA,NA,NA,0.861,0.327097806,NA,0,NA,NA,2020-03-06 20:22:00,2020-03-11 12:30:00,111.1333333,NA,0.54414,,,NA,,-0.06695496191,8,33.7,13.5,1,0,7.5325,7.31E-05,1854.119861,1860.98458,1854.119861,1860.98458,1854.119861,1860.98466,0.001813636963,6.53E-05,0.001952041488,0.001978192774,1.002375921,1.569486907
37,mar.2020,2020-03-06,mytilus_californianus,shell.long,34,33.7,10.76,8.11,0,0,NA,NA,NA,545.5,8.91,jenner,NA,NA,NA,NA,8.54,NA,NA,8.443,NA,NA,8.347012982,13.4,13.7,258.4,NA,13.4,NA,NA,NA,NA,2020-03-06,20:09:00,2020-03-11,12:48:00,8.337,NA,NA,8.236816822,13.1,13.2,231.6,NA,13.1,NA,NA,NA,NA,2608.67961,NA,2560.038828,NA,NA,NA,0,0,shells from 2020-01-14,dark,first,0,NA,NA,NA,-0.106,-0.048640782,NA,-0.3,NA,NA,2020-03-06 20:09:00,2020-03-11 12:48:00,111.65,NA,0.5455,,,NA,,0.01391389462,8,33.7,13.45,1,0,8.39,6.93E-06,174.8342933,175.4810131,174.8342933,175.4810131,174.8342933,175.4810136,0.001839725114,0.0003082030364,0.002154855278,0.002584359219,4.730616116,7.406237863
38,mar.2020,2020-03-06,mytilus_californianus,shell.long,34,33.7,10.37,4.594,0,0,NA,NA,NA,549.85,10.93,carmet,NA,NA,NA,NA,10.27,NA,NA,8.706,NA,NA,8.610867764,13.3,13.6,258.9,NA,13.3,NA,NA,NA,NA,2020-03-06,20:02:00,2020-03-11,12:55:00,8.526,NA,NA,8.435201916,13.3,13.4,166.9,NA,13.3,NA,NA,NA,NA,2777.838235,NA,2770.28848,NA,NA,NA,0,0,shells from 2020-01-14,dark,first,0,NA,NA,NA,-0.18,-0.007549755,NA,0,NA,NA,2020-03-06 20:02:00,2020-03-11 12:55:00,111.8833333,NA,0.54985,,,NA,,0.001806388883,8,33.7,13.5,1,0,8.616,3.81E-06,96.26644108,96.62223663,96.26644108,96.62223663,96.26644108,96.62223678,0.001657859137,0.0004681055156,0.002129771731,0.002774063358,7.185565663,11.24888911
39,mar.2020,2020-03-06,mytilus_californianus,shell.long,34,33.7,16.04,11.928,0,0,NA,NA,NA,522.49,12.01,jenner,NA,NA,NA,NA,11.31,NA,NA,8.559,NA,NA,8.477759727,13.4,13.6,258.7,NA,13.4,NA,NA,NA,NA,2020-03-06,20:04:00,2020-03-11,12:52:00,8.441,NA,NA,8.356507045,13.3,13.4,215.2,NA,13.3,NA,NA,NA,NA,3870.608453,NA,3806.382941,NA,NA,NA,0,0,shells from 2020-01-14,dark,first,0,NA,NA,NA,-0.118,-0.064225512,NA,-0.1,NA,NA,2020-03-06 20:04:00,2020-03-11 12:52:00,111.8,NA,0.52249,,,NA,,0.01326939596,8,33.7,13.5,1,0,8.5,7.53E-06,190.592463,191.2968537,190.592463,191.2968537,190.592463,191.2968543,0.002573618189,0.0005562678051,0.003137420803,0.003838495697,8.538832689,13.3674746
41,mar.2020,2020-03-06,mytilus_californianus,shell.long,34,33.7,10.17,10.919,0,0,NA,NA,NA,516.7,11.55,jenner,NA,NA,NA,NA,11.12,NA,NA,7.264,NA,NA,7.187292518,13.4,13.7,258.8,NA,13.4,NA,NA,NA,NA,2020-03-06,19:49:00,2020-03-11,14:57:00,7.375,NA,NA,7.322919031,13.1,13.3,190.2,NA,13.1,NA,NA,NA,NA,1953.666249,NA,2221.711397,NA,NA,NA,0,0,shells from 2020-01-14,dark,first,0,NA,NA,NA,0.111,0.268045148,NA,-0.3,NA,NA,2020-03-06 19:49:00,2020-03-11 14:57:00,114.1333333,NA,0.5167,,,NA,,-0.05456311142,8,33.7,13.5,1,0,7.3195,8.81E-05,2230.331378,2238.589565,2230.331378,2238.589565,2230.331378,2238.58964,0.002014626867,2.90E-05,0.002131737665,0.002087688823,0.4454170877,0.6973607339
42,mar.2020,2020-03-06,mytilus_californianus,shell.long,34,33.7,9.58,11.328,0,0,NA,NA,NA,532.07,12.49,carmet,NA,NA,NA,NA,11.97,NA,NA,6.971,NA,NA,6.920184341,13.4,13.7,259.3,NA,13.4,NA,NA,NA,NA,2020-03-06,19:47:00,2020-03-11,15:00:00,7.342,NA,NA,7.28743902,13.2,13.3,212.3,NA,13.2,NA,NA,NA,NA,1747.033693,NA,2094.604059,NA,NA,NA,0,0,shells from 2020-01-14,dark,first,0,NA,NA,NA,0.371,0.347570366,NA,-0.2,NA,NA,2020-03-06 19:47:00,2020-03-11 15:00:00,114.2166667,NA,0.53207,,,NA,,-0.06763288077,8,33.7,13.5,1,0,7.1565,0.0001255086663,3182.974873,3194.769126,3182.974873,3194.769126,3182.974873,3194.769295,0.001868665936,2.05E-05,0.00201466507,0.001920818876,0.3144558636,0.49237968
43,mar.2020,2020-03-06,mytilus_californianus,shell.long,34,33.7,20.24,28.901,0,0,NA,NA,NA,542.18,10.36,jenner,NA,NA,NA,NA,9.78,NA,NA,6.956,NA,NA,6.920253174,13.4,13.6,259.3,NA,13.4,NA,NA,NA,NA,2020-03-06,19:43:00,2020-03-11,15:03:00,7.189,NA,NA,7.167002421,13.2,13.3,215,NA,13.2,NA,NA,NA,NA,3383.73238,NA,3718.076254,NA,NA,NA,0,0,shells from 2020-01-14,dark,first,0,NA,NA,NA,0.233,0.334343874,NA,-0.2,NA,NA,2020-03-06 19:43:00,2020-03-11 15:03:00,114.3333333,NA,0.54218,,,NA,,-0.0810578626,8,33.7,13.45,1,0,7.0725,0.0002757351111,6974.751922,7000.730757,6974.751922,7000.730757,6974.751922,7000.731526,0.003483663828,2.92E-05,0.003788636102,0.003550904317,0.448683977,0.7025591559
44,mar.2020,2020-03-06,mytilus_californianus,shell.long,34,33.7,21.32,23.745,0,0,NA,NA,NA,535.91,9.69,carmet,NA,NA,NA,NA,9.29,NA,NA,8.209,NA,NA,8.125056799,13.5,13.7,257.3,NA,13.5,NA,NA,NA,NA,2020-03-06,19:54:00,2020-03-11,14:52:00,8.074,NA,NA,8.001773899,13.3,13.4,198.5,NA,13.3,NA,NA,NA,NA,4478.219531,NA,4445.292419,NA,NA,NA,0,0,shells from 2020-01-14,dark,first,0,NA,NA,NA,-0.135,-0.032927112,NA,-0.2,NA,NA,2020-03-06 19:54:00,2020-03-11 14:52:00,113.9666667,NA,0.53591,,,NA,,0.008333394586,8,33.7,13.55,1,0,8.1415,2.46E-05,622.8824405,625.184428,622.8824405,625.184428,622.8824405,625.184434,0.003677328202,0.000350391044,0.004052313218,0.004461755975,5.379373541,8.420334851
45,mar.2020,2020-03-06,mytilus_californianus,shell.long,34,33.7,1.08,0,3.956,0,NA,NA,NA,537.24,10.58,jenner,NA,NA,NA,NA,10.02,NA,NA,7.149,NA,NA,7.092873472,13.6,13.8,258.8,NA,13.6,NA,NA,NA,NA,2020-03-06,19:36:00,2020-03-11,15:09:00,7.415,NA,NA,7.356860442,13.4,13.5,226.1,NA,13.4,NA,NA,NA,NA,2042.977307,NA,2288.284968,NA,NA,NA,0,0,shells from 2020-01-14,dark,first,0,NA,NA,NA,0.266,0.245307661,NA,-0.2,NA,NA,2020-03-06 19:36:00,2020-03-11 15:09:00,114.55,NA,0.53724,,,NA,,-0.05740988028,8,33.7,13.65,1,0,7.282,0.0001025486219,2610.534751,2620.184853,2610.534751,2620.184853,2610.534751,2620.184962,0.00209315743,2.91E-05,0.002224769449,0.002165631138,0.4462273607,0.698438144
46,mar.2020,2020-03-06,mytilus_californianus,shell.long,34,33.7,8.61,1.055,0,0,NA,NA,NA,531.22,7.72,carmet,NA,NA,NA,NA,7.35,NA,NA,8.697,NA,NA,8.550160794,13.5,13.7,259.7,NA,13.5,NA,NA,NA,NA,2020-03-06,19:57:00,2020-03-11,14:49:00,8.586,NA,NA,8.504501597,13.4,13.4,217,NA,13.4,NA,NA,NA,NA,2374.715243,NA,2343.847773,NA,NA,NA,0,0,shells from 2020-01-14,dark,first,0,NA,NA,NA,-0.111,-0.03086747,NA,-0.1,NA,NA,2020-03-06 19:57:00,2020-03-11 14:49:00,113.8666667,NA,0.53122,,,NA,,0.009796287228,8,33.7,13.55,1,0,8.6415,2.87E-06,72.71585205,72.98441875,72.71585205,72.98441875,72.71585205,72.98441883,0.001359414553,0.0004068666281,0.001769152271,0.002359281508,6.246295405,9.777482629
48,mar.2020,2020-03-06,mytilus_californianus,shell.long,34,33.7,19.66,24.343,0,0,NA,NA,NA,547.87,11.54,carmet,NA,NA,NA,NA,11,NA,NA,7.295,NA,NA,7.232237108,13.6,13.8,258.6,NA,13.6,NA,NA,NA,NA,2020-03-06,19:31:00,2020-03-11,15:14:00,7.379,NA,NA,7.330484541,13.3,13.4,209.6,NA,13.3,NA,NA,NA,NA,3511.492299,NA,3680.081562,NA,NA,NA,0,0,shells from 2020-01-14,dark,first,0,NA,NA,NA,0.084,0.168589263,NA,-0.3,NA,NA,2020-03-06 19:31:00,2020-03-11 15:14:00,114.7166667,NA,0.54787,,,NA,,-0.03659807412,8,33.7,13.6,1,0,7.337,0.000145975557,3707.60915,3721.341765,3707.60915,3721.341765,3707.60915,3721.341973,0.003476387889,5.19E-05,0.003674252043,0.003595786931,0.7966355018,1.246953063
49,mar.2020,2020-03-06,mytilus_californianus,shell.long,34,33.7,8.02,0,0.336,0,NA,NA,NA,534.19,11.97,jenner,NA,NA,NA,NA,11.61,NA,NA,8.735,NA,NA,8.633650001,13.4,13.7,259.4,NA,13.4,NA,NA,NA,NA,2020-03-06,19:59:00,2020-03-11,14:46:00,8.629,NA,NA,8.536978237,13.3,13.4,223.2,NA,13.3,NA,NA,NA,NA,2427.186317,NA,2383.9928,NA,NA,NA,0,0,shells from 2020-01-14,dark,first,0,NA,NA,NA,-0.106,-0.043193517,NA,-0.1,NA,NA,2020-03-06 19:59:00,2020-03-11 14:46:00,113.7833333,NA,0.53419,,,NA,,0.008733200954,8,33.7,13.55,1,0,8.682,2.56E-06,64.89085989,65.13052022,64.89085989,65.13052022,64.89085989,65.13052028,0.001333381304,0.00043800494,0.00177394828,0.002405589559,6.724328368,10.5257706
50,mar.2020,2020-03-06,mytilus_californianus,shell.long,34,33.7,25.91,33.434,0,0,NA,NA,NA,536.93,25.89,carmet,NA,NA,NA,NA,25.47,NA,NA,7.319,NA,NA,7.258013558,13.5,13.8,258.7,NA,13.5,NA,NA,NA,NA,2020-03-06,19:26:00,2020-03-11,15:17:00,7.291,NA,NA,7.25646473,13.1,13.3,141.2,NA,13.1,NA,NA,NA,NA,4511.630105,NA,4741.123272,NA,NA,NA,0,0,shells from 2020-01-14,dark,first,0,NA,NA,NA,-0.028,0.229493167,NA,-0.4,NA,NA,2020-03-06 19:26:00,2020-03-11 15:17:00,114.85,NA,0.53693,,,NA,,-0.02106189722,8,33.7,13.55,1,0,7.305,0.0002030063795,5143.293017,5162.392551,5143.293017,5162.392551,5143.293017,5162.392951,0.004488412682,6.17E-05,0.00475316265,0.004626376689,0.9478835555,1.483769046
51,mar.2020,2020-03-06,mytilus_californianus,shell.long,34,33.7,25.03,31.465,0,0,NA,NA,NA,543.15,15.05,jenner,NA,NA,NA,NA,14.37,NA,NA,7.695,NA,NA,7.611538109,13.5,13.9,255.8,NA,13.5,NA,NA,NA,NA,2020-03-06,19:22:00,2020-03-11,15:21:00,7.585,NA,NA,7.520175085,13.2,13.3,206.7,NA,13.2,NA,NA,NA,NA,4568.386298,NA,4600.816,NA,NA,NA,0,0,shells from 2020-01-14,dark,first,0,NA,NA,NA,-0.11,0.032429702,NA,-0.3,NA,NA,2020-03-06 19:22:00,2020-03-11 15:21:00,114.9833333,NA,0.54315,,,NA,,-0.00533017028,8,33.7,13.6,1,0,7.64,9.05E-05,2295.23725,2303.731772,2295.23725,2303.731772,2295.23725,2303.731853,0.00429595058,0.0001290920013,0.004515571806,0.004584601149,1.98222273,3.102340215
52,mar.2020,2020-03-06,mytilus_californianus,shell.long,34,33.7,7.92,1.926,0,0,NA,NA,NA,540.06,9.14,carmet,NA,NA,NA,NA,8.75,NA,NA,8.806,NA,NA,8.710384519,13.8,14,256.8,NA,13.8,NA,NA,NA,NA,2020-03-06,19:17:00,2020-03-11,15:23:00,8.682,NA,NA,8.593345097,13.2,13.3,217.2,NA,13.2,NA,NA,NA,NA,2194.408702,NA,2170.588029,NA,NA,NA,0,0,shells from 2020-01-14,dark,first,0,NA,NA,NA,-0.124,-0.023820673,NA,-0.6,NA,NA,2020-03-06 19:17:00,2020-03-11 15:23:00,115.1,NA,0.54006,,,NA,,0.006386790448,8,33.7,13.65,1,0,8.744,1.88E-06,47.57285544,47.74843624,47.57285544,47.74843624,47.57285544,47.74843627,0.001119368409,0.0004253858463,0.001546629615,0.002182498366,6.532553187,10.2230783
53,mar.2020,2020-03-06,mytilus_californianus,shell.long,34,33.7,7.24,5.632,0,0,NA,NA,NA,518.45,20.21,jenner,NA,NA,NA,NA,19.7,NA,NA,8.272,NA,NA,8.16368674,13.4,13.5,258,NA,13.4,NA,NA,NA,NA,2020-03-06,19:13:00,2020-03-11,15:25:00,7.989,NA,NA,7.885180055,13.2,13.3,207.5,NA,13.2,NA,NA,NA,NA,1655.2569,NA,1692.528969,NA,NA,NA,0,0,shells from 2020-01-14,dark,first,0,NA,NA,NA,-0.283,0.037272069,NA,-0.2,NA,NA,2020-03-06 19:13:00,2020-03-11 15:25:00,115.2,NA,0.51845,,,NA,,-0.004257372782,8,33.7,13.4,1,0,8.1305,9.79E-06,246.6840375,247.597233,246.6840375,247.597233,246.6840375,247.597234,0.001338422002,0.0001260713357,0.001474282527,0.001673892935,1.934822648,3.029472432
55,mar.2020,2020-03-06,mytilus_californianus,shell.long,34,33.7,20.54,24.313,0,0,NA,NA,NA,538.2,8.59,jenner,NA,NA,NA,NA,8.5,NA,NA,8.006,NA,NA,7.920146713,13.7,13.9,256.5,NA,13.7,NA,NA,NA,NA,2020-03-06,19:06:00,2020-03-11,15:29:00,7.913,NA,NA,7.82638517,13.3,13.4,228,NA,13.3,NA,NA,NA,NA,3991.999519,NA,3984.304336,NA,NA,NA,0,0,shells from 2020-01-14,dark,first,0,NA,NA,NA,-0.093,-0.007695183,NA,-0.4,NA,NA,2020-03-06 19:06:00,2020-03-11 15:29:00,115.3833333,NA,0.5382,,,NA,,0.002111400612,8,33.7,13.65,1,0,7.9595,3.51E-05,892.1651848,895.4592393,892.1651848,895.4592393,892.1651848,895.4592514,0.003491578654,0.0002188097318,0.00374550976,0.003988151928,3.360154079,5.258513672
3,dec.2023.cluster,2023-12-12,mytilus_trossulus,shell.trossulus,A1,32.63,11.68,16.586,NA,NA,451.95,455.99,1173.7,717.71,0,penn cove,0,0.51,0.51,0,4.03,62.5,,6.56,NA,6,6.495,13.7,13.7,NA,100.1,13.7,NA,NA,NA,NA,2023-12-12,16:12:00,2023-12-14,11:06:00,7.144,NA,-8.2,6.732,11.7,11.7,NA,97.3,11.6,NA,NA,NA,NA,1620.445,7.601397898,1795.12,0.862670273,-0.001303,0.000351,0,0,,dark,first,54,264.6725494,268.9032643,0.004230714912,0.584,0.174675,0.001654,-2.1,NA,0.173021,2023-12-12 16:12:00,2023-12-14 11:06:00,42.9,1,0.71771,6.379520899,6.624755085,-0.01756306952,0.006866290352,-0.3591331387,8,32.63,12.7,1,0,6.502137992,0.0005124859834,12656.88088,12704.66854,12656.88088,12704.66854,12656.88088,12704.67111,0.001698744164,3.62E-06,0.002214846817,0.0017077825,0.05561945308,0.08745337651
4,dec.2023.cluster,2023-12-12,mytilus_trossulus,shell.trossulus,B1,32.71,11.61,16.263,NA,NA,447.56,451.54,1151.84,700.3,0,penn cove,0,2.23,2.23,0,3.9,54.9,,6.546,NA,6.8,6.448,13.6,13.6,NA,100,13.5,NA,NA,NA,NA,2023-12-12,16:19:00,2023-12-14,11:12:00,7.123,NA,-7,6.681,11.7,11.7,NA,94,11.6,NA,NA,NA,NA,1611.58,0.4808326112,1755.14,0.5232590181,-0.0058576667,0.00039,0,0,,dark,first,54,265.3741279,259.6527842,-0.005721343666,0.577,0.14356,0.0062476667,-1.9,NA,0.1373123333,2023-12-12 16:19:00,2023-12-14 11:12:00,42.88333333,1,0.7003,6.365704888,6.604031069,0.02395681168,0.02616066842,-0.2874819188,8,32.71,12.65,1,0,6.484867979,0.0005263975376,12982.04956,13031.12111,12982.04956,13031.12111,12982.04956,13031.12381,0.001674830708,3.41E-06,0.00220464251,0.00168336,0.05248761392,0.08251805108
6,dec.2023.cluster,2023-12-12,mytilus_trossulus,shell.trossulus,A1,32.66,11.52,15.753,NA,NA,451.64,456.4,1139.55,683.15,0,penn cove,0,0.61,0.61,0,4.75,64.9,,6.57,NA,5.5,6.271,13.3,13.3,NA,99.5,13.1,NA,NA,NA,NA,2023-12-12,16:35:00,2023-12-14,11:24:00,7.165,NA,-9.4,6.751,11.7,11.7,NA,96.2,11.7,NA,NA,NA,NA,1614.875,1.081873375,1785.36,2.588010819,-0.001303,0.001938,0,0,,dark,first,54,266.3376679,265.2439986,-0.00109366927,0.595,0.170485,0.003241,-1.4,NA,0.167244,2023-12-12 16:35:00,2023-12-14 11:24:00,42.81666667,1,0.68315,6.388155905,6.6454791,0.003673631739,0.01088650911,-0.2808860427,8,32.66,12.5,1,0,6.516817503,0.0004975223096,12201.22864,12247.41395,12201.22864,12247.41395,12201.22864,12247.41636,0.001690779587,3.72E-06,0.002192021945,0.0017001175,0.0571798147,0.08992932359
7,dec.2023.cluster,2023-12-12,mytilus_trossulus,shell.trossulus,B1,32.69,11.49,15.529,NA,NA,438.86,441.95,1133.34,691.39,0,penn cove,0,1.97,1.97,0,3.06,56.3,,6.552,NA,6.4,6.426,13,13,NA,99.2,12.8,NA,NA,NA,NA,2023-12-12,16:45:00,2023-12-14,11:31:00,7.115,NA,-6.4,6.686,11.7,11.7,NA,96.3,11.6,NA,NA,NA,NA,1590.975,2.863782464,1727.565,1.42128463,-0.0058576667,0.002987,0,0,,dark,first,54,267.1586532,266.03939,-0.001119263239,0.563,0.13659,0.0088446667,-1.2,NA,0.1277453333,2023-12-12 16:45:00,2023-12-14 11:31:00,42.76666667,1,0.69139,6.372612893,6.593669061,0.005913280841,0.04672805855,-0.3374514618,8,32.69,12.35,1,0,6.483140977,0.0005237103764,12763.22731,12811.68899,12763.22731,12811.68899,12763.22731,12811.69161,0.001650994508,3.30E-06,0.002178008513,0.00165927,0.05076337465,0.07984500497
8,dec.2023.cluster,2023-12-12,mytilus_trossulus,shell.trossulus,C1,32.65,11.46,15.29,NA,NA,462.82,466.41,1156.19,689.78,0,penn cove,0,0.86,0.86,0,3.61,59.5,,6.576,NA,5.1,6.448,13.1,13.1,NA,100.1,12.9,NA,NA,NA,NA,2023-12-12,16:50:00,2023-12-14,11:41:00,7.173,NA,-9.8,6.765,11.6,11.6,NA,98.1,11.6,NA,NA,NA,NA,1648.255,18.81611145,1825.6,0.5515432893,6.37E-05,0.000588,0,0,,dark,first,54,269.0843344,271.0801489,0.001995814518,0.597,0.177345,0.0005243333,-1.3,NA,0.1768206667,2023-12-12 16:50:00,2023-12-14 11:41:00,42.85,1,0.68978,6.395063911,6.652387106,-0.008899646311,0.002338083462,-0.394235381,8,32.65,12.35,1,0,6.523725508,0.0005021456095,12251.1246,12297.59768,12251.1246,12297.59768,12251.1246,12297.60012,0.001727313057,3.84E-06,0.002233299816,0.0017369275,0.05902449175,0.09285709987
9,dec.2023.cluster,2023-12-12,mytilus_trossulus,shell.trossulus,A1,32.64,11.45,15.102,NA,NA,457.67,461.21,1149.21,688,0,penn cove,0,2.4,2.4,0,3.5,54.3,,6.581,NA,4.8,6.429,13,13,NA,99.5,12.9,NA,NA,NA,NA,2023-12-12,16:55:00,2023-12-14,11:48:00,7.128,NA,-7.2,6.683,11.7,11.7,NA,91.5,11.6,NA,NA,NA,NA,1652.62,0.8343860018,1788.405,0.1343502884,-0.001303,0.003446,0,0,,dark,first,54,267.488074,252.8582135,-0.01462986052,0.547,0.135785,0.004749,-1.3,NA,0.131036,2023-12-12 16:55:00,2023-12-14 11:48:00,42.88333333,1,0.688,6.400244914,6.607485072,0.06706131166,0.02176877686,-0.3003256943,8,32.64,12.35,1,0,6.503864993,0.0005165098301,12580.61254,12628.37293,12580.61254,12628.37293,12580.61254,12628.37547,0.001711584588,3.57E-06,0.002231666572,0.0017205125,0.05490115509,0.0863612778
11,dec.2023.cluster,2023-12-12,mytilus_trossulus,shell.trossulus,C1,32.75,11.45,14.735,NA,NA,456.32,458.56,1134.37,675.81,0,penn cove,0,1.84,1.84,0,2.2,51.2,,6.58,NA,4.8,6.437,12.9,12.9,NA,99.8,12.4,NA,NA,NA,NA,2023-12-12,17:10:00,2023-12-14,12:26:00,7.089,NA,-5,6.701,11.7,11.7,NA,95,11.6,NA,NA,NA,NA,1587.825,5.055813485,1695.495,0.7424621202,6.37E-05,0.002615,0,0,,dark,first,54,270.9484591,262.3491634,-0.008599295688,0.509,0.10767,0.0025513333,-0.8,NA,0.1051186667,2023-12-12 17:10:00,2023-12-14 12:26:00,43.26666667,1,0.67581,6.400244914,6.569491043,0.06105361415,0.01811405544,-0.3731628002,8,32.75,12.3,1,0,6.484867979,0.0005121616401,12450.60948,12497.91059,12450.60948,12497.91059,12450.60948,12497.91304,0.001633534574,3.23E-06,0.002148927588,0.00164166,0.04964168949,0.07807029678
12,dec.2023.cluster,2023-12-12,mytilus_trossulus,shell.trossulus,A1,32.68,11.46,14.551,NA,NA,448.34,451.12,1135.83,684.71,0,penn cove,0,0.97,0.97,0,2.84,54.8,,6.605,NA,3.4,6.468,12.8,12.8,NA,99.3,12.6,NA,NA,NA,NA,2023-12-12,17:15:00,2023-12-14,12:31:00,7.119,NA,-6.7,6.705,11.7,11.7,NA,98.8,11.6,NA,NA,NA,NA,1635.78,2.39002092,1747.95,5.10531096,-0.001303,0.000527,0,0,,dark,first,54,268.5723162,272.963051,0.004390734826,0.514,0.11217,0.00183,-1,NA,0.11034,2023-12-12 17:15:00,2023-12-14 12:31:00,43.26666667,1,0.68471,6.424422933,6.598850065,-0.02446651438,0.01019731846,-0.3074240763,8,32.68,12.25,1,0,6.511636499,0.000497562212,12070.13885,12116.00869,12070.13885,12116.00869,12070.13885,12116.011,0.00168297959,3.53E-06,0.002184075698,0.001691865,0.05429765731,0.08541348521
13,dec.2023.cluster,2023-12-12,mytilus_trossulus,shell.trossulus,B1,32.72,11.48,14.374,NA,NA,457.43,461.31,1172.98,711.67,0,penn cove,0,2.51,2.51,0,3.85,57,,6.6,NA,3.8,6.476,12.8,12.8,NA,99.5,12.7,NA,NA,NA,NA,2023-12-12,17:19:00,2023-12-14,12:36:00,7.102,NA,-5.8,6.651,11.6,11.6,NA,88.8,11.6,NA,NA,NA,NA,1654.465,9.751002513,1784.8,6.052834047,-0.0058576667,0.00323,0,0,,dark,first,54,268.4802783,245.2736156,-0.02320666276,0.502,0.130335,0.0090876667,-1.1,NA,0.1212473333,2023-12-12 17:19:00,2023-12-14 12:36:00,43.28333333,1,0.71167,6.417514928,6.583307053,0.0991082759,0.0388105342,-0.2589043993,8,32.72,12.2,1,0,6.50041099,0.0005182147852,12553.4987,12601.25865,12553.4987,12601.25865,12553.4987,12601.26114,0.001710902907,3.49E-06,0.002232609466,0.0017196325,0.05363586901,0.08437363477
14,dec.2023.cluster,2023-12-12,mytilus_trossulus,shell.trossulus,C1,32.71,11.51,14.202,NA,NA,456.49,460.09,1188.11,728.02,0,penn cove,0,2.33,2.33,0,3.55,57.2,,6.611,NA,3.1,6.501,12.7,12.7,NA,99.5,12.4,NA,NA,NA,NA,2023-12-12,17:25:00,2023-12-14,12:42:00,7.115,NA,-6.5,6.708,11.7,11.7,NA,94.9,11.6,NA,NA,NA,NA,1668.66,1.93747258,1809.145,4.36284884,6.37E-05,0.002849,0,0,,dark,first,54,270.2014296,262.1388215,-0.008062608138,0.504,0.140485,0.0027853333,-0.8,NA,0.1376996667,2023-12-12 17:25:00,2023-12-14 12:42:00,43.28333333,1,0.72802,6.429603937,6.595396062,0.03820056713,0.01319688492,-0.3262099107,8,32.71,12.2,1,0,6.5125,0.0005095463885,12337.07348,12384.00823,12337.07348,12384.00823,12337.07348,12384.01064,0.001729815114,3.63E-06,0.002242995073,0.0017389025,0.05581760041,0.08780524689
16,dec.2023.cluster,2023-12-12,mytilus_trossulus,shell.trossulus,B1,32.73,11.6,13.856,NA,NA,458.2,462.8,1192.77,729.97,0,penn cove,0,0.64,0.64,0,4.54,68.4,,6.638,NA,1.7,6.52,12.7,12.7,NA,99.4,12.6,NA,NA,NA,NA,2023-12-12,17:41:00,2023-12-14,12:54:00,7.144,NA,-8.2,6.757,11.7,11.7,NA,98.3,11.7,NA,NA,NA,NA,1695.975,5.013387079,1836.2,0.08485281374,-0.0058576667,0.000601,0,0,,dark,first,54,268.7590243,270.9151614,0.00215613704,0.506,0.140225,0.0064586667,-0.9,NA,0.1337663333,2023-12-12 17:41:00,2023-12-14 12:54:00,43.21666667,1,0.72997,6.453781955,6.624755085,-0.008021844758,0.02402928045,-0.2488368642,8,32.73,12.2,1,0,6.53926852,0.0004867944289,11788.78482,11833.60605,11788.78482,11833.60605,11788.78482,11833.60825,0.001756234872,3.93E-06,0.002246959197,0.0017660875,0.06036476339,0.09495445205
17,dec.2023.cluster,2023-12-12,mytilus_trossulus,shell.trossulus,C1,32.71,11.66,13.675,NA,NA,458.03,461.88,1155.21,693.33,0,penn cove,0,2.31,2.31,0,3.89,55.5,,6.665,NA,0.1,6.56,12.2,12.2,NA,98.1,12.1,NA,NA,NA,NA,2023-12-12,17:48:00,2023-12-14,13:00:00,7.165,NA,-9.4,6.755,11.6,11.6,NA,94.1,11.6,NA,NA,NA,NA,1706.515,0.4171930009,1819.46,0.1555634919,6.37E-05,0.002807,0,0,,dark,first,54,268.0997694,259.9290106,-0.00817075886,0.5,0.112945,0.0027433333,-0.5,NA,0.1102016667,2023-12-12 17:48:00,2023-12-14 13:00:00,43.2,1,0.69333,6.481413976,6.6454791,0.03371079835,0.01131840472,-0.2273342187,8,32.71,11.9,1,0,6.563446538,0.0004634353992,11104.69008,11147.05813,11104.69008,11147.05813,11104.69008,11147.06009,0.001752678164,4.09E-06,0.002220204291,0.0017629875,0.06280300246,0.09884245312
18,dec.2023.cluster,2023-12-12,mytilus_trossulus,shell.trossulus,A1,32.69,11.73,13.482,NA,NA,444.41,447.49,1104,656.51,0,penn cove,0,0.81,0.81,0,3.02,55.8,,6.711,NA,-2.6,6.583,11.7,11.7,NA,98,11.5,NA,NA,NA,NA,2023-12-12,17:57:00,2023-12-14,13:08:00,7.233,NA,-13.2,6.822,11.6,11.6,NA,99,11.6,NA,NA,NA,NA,1788.04,1.329360749,1912.805,0.007071067812,-0.001303,0.000606,0,0,,dark,first,54,271.3178007,273.4984383,0.002180637525,0.522,0.124765,0.001909,0.1,NA,0.122856,2023-12-12 17:57:00,2023-12-14 13:08:00,43.18333333,1,0.65651,6.528043011,6.71110515,-0.01097745641,0.009610017278,-0.3092321327,8,32.69,11.65,1,0,6.619574081,0.0004316998922,10248.36834,10287.58006,10248.36834,10287.58006,10248.36834,10287.58175,0.00183817691,4.87E-06,0.002274744443,0.0018504225,0.07470260559,0.1176202517
19,dec.2023.cluster,2023-12-12,mytilus_trossulus,shell.trossulus,B1,32.67,11.81,13.272,NA,NA,447.3,450.26,1139.79,689.53,0,penn cove,0,2.27,2.27,0,2.93,54.3,,6.705,NA,-2.1,6.551,11.8,11.8,NA,98.6,11.6,NA,NA,NA,NA,2023-12-12,18:02:00,2023-12-14,13:18:00,7.198,NA,-11.2,6.78,11.6,11.6,NA,94.2,11.6,NA,NA,NA,NA,1785.425,0.04949747468,1855.465,36.45135457,-0.0058576667,0.003027,0,0,,dark,first,54,272.4275954,260.270583,-0.01215701237,0.493,0.07004,0.0088846667,0,NA,0.0611553333,2023-12-12 18:02:00,2023-12-14 13:18:00,43.26666667,1,0.68953,6.519408005,6.676565124,0.06612397708,0.04832515419,-0.1663169262,8,32.67,11.7,1,0,6.597986564,0.0004449479954,10581.10491,10621.57246,10581.10491,10621.57246,10581.10491,10621.57426,0.001809058108,4.52E-06,0.002258527774,0.001820445,0.06940468407,0.1092748787
21,dec.2023.cluster,2023-12-12,mytilus_trossulus,shell.trossulus,A1,32.64,12.02,12.844,NA,NA,456.47,459.93,1152.13,692.2,0,penn cove,0,0.77,0.77,0,3.46,52.5,,6.764,NA,-5.4,6.632,12.5,12.5,NA,99.6,12.4,NA,NA,NA,NA,2023-12-12,18:13:00,2023-12-14,13:30:00,7.298,NA,-16.9,6.901,11.7,11.7,NA,98.9,11.6,NA,NA,NA,NA,1933.26,1.626345597,2058.785,0.6717514421,-0.001303,0.000412,0,0,,dark,first,54,270.5911766,273.3079487,0.002716772115,0.534,0.125525,0.001715,-0.8,NA,0.12381,2023-12-12 18:13:00,2023-12-14 13:30:00,43.28333333,1,0.6922,6.576399048,6.775004199,-0.01255706111,0.007926818628,-0.2861281091,8,32.64,12.1,1,0,6.675701623,0.0004053725701,9781.257269,9818.416813,9781.257269,9818.416813,9781.257269,9818.418352,0.001980900902,6.07E-06,0.002392343991,0.0019960225,0.093257314,0.1467498989
22,dec.2023.cluster,2023-12-12,mytilus_trossulus,shell.trossulus,B1,32.68,12.15,12.612,NA,NA,457.18,460.34,1150.38,690.04,0,penn cove,0,2.28,2.28,0,3.02,54.3,,6.776,NA,-6.1,6.635,12.6,12.6,NA,99.3,12.5,NA,NA,NA,NA,2023-12-12,18:19:00,2023-12-14,13:41:00,7.279,NA,-15.7,6.845,11.6,11.6,NA,93.2,11.6,NA,NA,NA,NA,1935.82,3.450681092,2040.12,1.428355698,-0.0058576667,0.004026,0,0,,dark,first,54,269.1394568,257.491461,-0.01164799579,0.503,0.1043,0.0098836667,-0.9,NA,0.0944163333,2023-12-12 18:19:00,2023-12-14 13:41:00,43.36666667,1,0.69004,6.588488057,6.754280183,0.0613708992,0.05207501135,-0.2487301412,8,32.68,12.1,1,0,6.67138412,0.0004052998906,9782.402577,9819.560357,9782.402577,9819.560357,9782.402577,9819.561879,0.001973174692,5.93E-06,0.002384408128,0.00198797,0.09114004655,0.1434049922
23,dec.2023.cluster,2023-12-12,mytilus_trossulus,shell.trossulus,C1,32.72,12.3,12.37,NA,NA,446.3,448.83,1129.11,680.28,0,penn cove,0,0.65,0.65,0,2.56,53.3,,6.827,NA,-9,6.708,12.4,12.4,NA,98.9,12.2,NA,NA,NA,NA,2023-12-12,18:24:00,2023-12-14,13:47:00,7.357,NA,-20.2,6.967,11.6,11.6,NA,98.4,11.6,NA,NA,NA,NA,1991.035,2.425376259,2092.55,1.428355698,6.37E-05,0.000515,0,0,,dark,first,54,269.6956782,271.7896821,0.002094003942,0.53,0.101515,0.0004513333,-0.6,NA,0.1010636667,2023-12-12 18:24:00,2023-12-14 13:47:00,43.38333333,1,0.68028,6.638571095,6.831995242,-0.01282632721,0.002764535668,-0.3095208257,8,32.72,12,1,0,6.735283169,0.0003618616974,8707.609524,8740.69298,8707.609524,8740.69298,8707.609524,8740.694202,0.002024135004,7.08E-06,0.002393078186,0.0020417925,0.1087325354,0.171101434
24,dec.2023.cluster,2023-12-12,mytilus_trossulus,shell.trossulus,A1,32.71,12.47,12.109,NA,NA,447.68,451.26,1151.54,700.28,0,penn cove,0,1.71,1.71,0,3.55,54.2,,6.882,NA,-12,6.735,12.1,12.1,NA,99.3,12.1,NA,NA,NA,NA,2023-12-12,18:32:00,2023-12-14,13:55:00,7.371,NA,-21,6.96,11.6,11.6,NA,96.4,11.6,NA,NA,NA,NA,2071.33,3.97394011,2144.36,5.741707063,-0.001303,0.003176,0,0,,dark,first,54,271.3792773,266.282217,-0.005097060321,0.489,0.07303,0.004479,-0.5,NA,0.068551,2023-12-12 18:32:00,2023-12-14 13:55:00,43.38333333,1,0.70028,6.690381135,6.845811252,0.02317609303,0.02036580189,-0.155849083,8,32.71,11.85,1,0,6.768096193,0.0003456248899,8266.891874,8298.357802,8266.891874,8298.357802,8266.891874,8298.358895,0.002088562699,7.76E-06,0.002441949166,0.002107845,0.1191504876,0.187537101
26,dec.2023.cluster,2023-12-12,mytilus_trossulus,shell.trossulus,C1,32.75,12.88,11.52,NA,NA,458.53,461.42,1169.29,707.87,0,penn cove,0,0.62,0.62,0,2.97,53.8,,6.953,NA,-15.9,6.847,12.1,12.1,NA,98.4,12,NA,NA,NA,NA,2023-12-12,18:43:00,2023-12-14,14:08:00,7.471,NA,-26.6,7.067,11.6,11.6,NA,98.4,11.6,NA,NA,NA,NA,2231.945,14.44619154,2135.4,59.11412691,6.37E-05,0.001111,0,0,,dark,first,54,269.4250881,271.7385019,0.002313413732,0.518,-0.096545,0.0010473333,-0.4,NA,-0.0975923333,2023-12-12 18:43:00,2023-12-14 14:08:00,43.41666667,1,0.70787,6.757734186,6.942523326,-0.01269971251,0.005749439292,0.2678713623,8,32.75,11.85,1,0,6.850128756,0.0002999315927,7179.69591,7206.990553,7179.69591,7206.990553,7179.69591,7206.9914,0.00215963283,9.69E-06,0.002469255205,0.0021836725,0.1487447244,0.2340953032
27,dec.2023.cluster,2023-12-12,mytilus_trossulus,shell.trossulus,A1,32.72,13.12,11.17,NA,NA,445.57,448.95,1147.48,698.53,0,penn cove,0,2.05,2.05,0,3.39,56.6,,6.998,NA,-18.4,6.906,12,12,NA,99.3,11.9,NA,NA,NA,NA,2023-12-12,18:49:00,2023-12-14,14:17:00,7.478,NA,-27,7.082,11.7,11.7,NA,96.2,11.6,NA,NA,NA,NA,2333.715,9.199459223,2018.76,307.1530436,-0.001303,0.00227,0,0,,dark,first,54,272.5207641,265.7130835,-0.006807680588,0.48,-0.314955,0.003573,-0.3,NA,-0.318528,2023-12-12 18:49:00,2023-12-14 14:17:00,43.46666667,1,0.69853,6.800909218,6.949431331,0.03227217222,0.0169379967,0.7549994701,8,32.72,11.85,1,0,6.875170275,0.0002821076823,6747.243984,6772.889929,6747.243984,6772.889929,6747.243984,6772.89068,0.002151175941,1.01E-05,0.002443357475,0.0021762375,0.1546515995,0.2433944556
28,dec.2023.cluster,2023-12-12,mytilus_trossulus,shell.trossulus,B1,32.7,13.4,10.821,NA,NA,454.38,458.47,1151.1,692.63,0,penn cove,0,0.73,0.73,0,4.08,59.9,,7.07,NA,-22.5,6.961,12,12,NA,99.3,11.9,NA,NA,NA,NA,2023-12-12,18:57:00,2023-12-14,14:22:00,7.586,NA,-33.1,7.163,11.6,11.6,NA,99.4,11.6,NA,NA,NA,NA,2425.24,14.76438959,2467.5,NA,-0.0058576667,0.002012,0,0,,dark,first,54,272.5549066,274.5862447,0.002031338045,0.516,0.04226,0.0078696667,-0.3,NA,0.0343903333,2023-12-12 18:57:00,2023-12-14 14:22:00,43.41666667,1,0.69263,6.871716272,7.054778411,-0.007942676245,0.03077095657,-0.0672343247,8,32.7,11.8,1,0,6.963247341,0.0002569938643,6136.836087,6160.156713,6136.836087,6160.156713,6136.836087,6160.157324,0.002412097039,1.41E-05,0.002683175813,0.00244637,0.2162079119,0.3403376623
29,dec.2023.cluster,2023-12-12,mytilus_trossulus,shell.trossulus,C1,32.78,13.71,10.424,NA,NA,448.07,451.45,1135.72,684.27,0,penn cove,0,1.96,1.96,0,3.39,55.9,,7.215,NA,-30.3,7.085,11.6,11.6,NA,98,11.3,NA,NA,NA,NA,2023-12-12,19:09:00,2023-12-14,14:31:00,7.648,NA,-36.6,7.206,11.6,11.6,NA,93.3,11.5,NA,NA,NA,NA,2540.705,5.649783182,2554.75,NA,6.37E-05,0.004085,0,0,,dark,first,54,272.3344042,258.1596183,-0.01417478583,0.433,0.014045,0.0040213333,0.2,NA,0.0100236667,2023-12-12 19:09:00,2023-12-14 14:31:00,43.36666667,1,0.68427,7.006422374,7.115223457,0.06597634699,0.01871724091,-0.02332750986,8,32.78,11.6,1,0,7.060822915,0.0002114536414,5012.903092,5031.984865,5012.903092,5031.984865,5012.903092,5031.985265,0.002504257855,1.80E-05,0.002733663209,0.0025477275,0.2753863829,0.4335427234
1,dec.2023.cluster,2023-12-12,mytilus_trossulus,shell.trossulus,B1,32.66,11.84,17.271,NA,NA,444.52,452.98,1149.14,696.16,0,penn cove,0,1.99,1.99,0,3.97,57.5,,6.524,NA,8.4,NA,15.4,15.4,NA,102.5,15.3,NA,NA,NA,NA,2023-12-12,15:49:00,2023-12-14,10:49:00,7.116,NA,-6,6.67,11.7,11.7,NA,91.3,11.7,NA,NA,NA,NA,1571.925,0.3606244584,1736.425,0.4030508653,-0.0058576667,0.000985,0,0,,dark,first,54,262.2718782,251.7336494,-0.0105382288,0.592,0.1645,0.0068426667,-3.6,NA,0.1576573333,2023-12-12 15:49:00,2023-12-14 10:49:00,43,1,0.69616,6.338072867,6.586761056,0.04297518223,0.02790457999,-0.321465436,8,32.66,13.55,1,0,6.462416962,0.0005316300558,13553.9447,13604.49298,13553.9447,13604.49298,13553.9447,13604.49586,0.001646012156,3.28E-06,0.002180922488,0.001654175,0.05053272617,0.07933915147
2,dec.2023.cluster,2023-12-12,mytilus_trossulus,shell.trossulus,C1,32.63,11.75,16.899,NA,NA,446.94,450.17,1167.6,717.43,0,penn cove,0,1.95,1.95,0,3.17,56.7,,6.622,NA,2.9,6.412,14.3,14.3,NA,101.4,14.2,NA,NA,NA,NA,2023-12-12,16:03:00,2023-12-14,11:00:00,7.14,NA,-7.9,6.698,11.7,11.7,NA,95.4,11.7,NA,NA,NA,NA,1603.43,1.187939392,1732.61,20.29396462,6.37E-05,0.000273,0,0,,dark,first,54,265.36465,263.0877328,-0.002276917191,0.518,0.12918,0.0002093333,-2.5,NA,0.1289706667,2023-12-12 16:03:00,2023-12-14 11:00:00,42.95,1,0.71743,6.433057939,6.619574081,0.01199787516,0.001103050568,-0.3397958356,8,32.63,13,1,0,6.52631601,0.0004650473922,11589.40919,11632.93612,11589.40919,11632.93612,11589.40919,11632.93821,0.001658679511,3.70E-06,0.002127423176,0.00166802,0.05689193434,0.08939471601
1,feb.2024.cluster,2024-02-06,mytilus_californianus,shell.californianus,A,32.69,0,0.41,0,0,444.03,460.62,1111.55,650.93,0,penn cove,0,NA,NA,NA,16.59,70.9,black,7.418,NA,-23.5,6.859,25,12.7,NA,101.2,12.7,NA,NA,NA,NA,2024-02-06,18:00:00,2024-02-08,12:57:00,7.654,NA,-37.1,7.082,25,12.8,NA,89.7,12.7,NA,NA,NA,NA,1789.8,15.1462273,1922.78,19.2757309,0.00103,0.004628,0,0,,dark,first,55,273.1183982,242.0822166,-0.03103618161,0.236,0.13298,0.003598,0,NA,0.129382,2024-02-06 18:00:00,2024-02-08 12:57:00,42.95,NA,0.65093,6.888986285,7.123858463,0.0283526083,0.003286895468,-0.05909743043,8,32.69,12.75,1,0,7.006422374,0.0001733374214,4258.984607,4274.950798,4258.984607,4274.950798,4258.984607,4274.951091,0.001824242259,1.25E-05,0.002010073372,0.00185629,0.1922334299,0.3020257376
2,feb.2024.cluster,2024-02-06,mytilus_trossulus,shell.trossulus,B,32.7,0,0.4,0,0,336.13,340.06,1060.65,720.59,0,penn cove,0,NA,NA,NA,3.93,62.6,black,7.445,NA,-25.2,6.858,25,12.7,NA,101.4,12.7,NA,NA,NA,NA,2024-02-06,17:50:00,2024-02-08,12:51:00,7.512,NA,-29,6.944,25,12.8,NA,63.6,12.7,NA,NA,NA,NA,1803.13,8.17415439,1985.165,0.0212132,0.0012,0.01379,0,0,,dark,first,55,273.6411167,171.6328897,-0.1020082269,0.067,0.182035,0.01259,0,NA,0.169445,2024-02-06 17:50:00,2024-02-08 12:51:00,43.01666667,NA,0.72059,6.918345307,6.983971357,0.4348045951,0.05366419963,-0.3611251114,8,32.7,12.75,1,0,6.951158332,0.0001956875846,4809.976211,4828.011898,4809.976211,4828.011898,4809.976211,4828.012252,0.001866475238,1.08E-05,0.002072997992,0.0018941475,0.1667048848,0.2619152598
3,feb.2024.cluster,2024-02-06,mytilus_trossulus,shell.trossulus,D,32.81,0,0.378,0,0,447.87,452.49,1102.99,650.5,0,penn cove,0,NA,NA,NA,4.62,61,black,7.482,NA,-27.5,6.875,25,12.5,NA,101.1,12.4,NA,NA,NA,NA,2024-02-06,17:44:00,2024-02-08,12:47:00,7.532,NA,-30.2,6.964,25,12.6,NA,71.9,12.6,NA,NA,NA,NA,1825.015,4.06586399,1955.585,21.1919902,0.000659,0.007358,0,0,,dark,first,55,274.3750857,194.3072666,-0.0800678191,0.05,0.13057,0.006699,0.2,NA,0.123871,2024-02-06 17:44:00,2024-02-08 12:47:00,43.05,NA,0.6505,6.958066338,7.004695373,0.2618726656,0.02190998839,-0.2025684558,8,32.81,12.55,1,0,6.981380855,0.0001827530116,4466.572358,4483.357012,4466.572358,4483.357012,4466.572358,4483.357319,0.0018608975,1.15E-05,0.002055135777,0.0018903,0.1765476171,0.2774200125
4,feb.2024.cluster,2024-02-06,mytilus_trossulus,shell.trossulus,C,32.89,0,0.365,0,0,443.6,446.15,1126.17,680.02,0,penn cove,0,NA,NA,NA,2.55,53.2,brown,7.512,NA,-29.1,6.937,25,12.6,NA,101,12.6,NA,NA,NA,NA,2024-02-06,17:31:00,2024-02-08,12:38:00,7.547,NA,-31,7.004,25,12.5,NA,75,12.5,NA,NA,NA,NA,1854.77,8.13172798,1943.2,51.3925209,0.000843,0.008372,0,0,,dark,first,55,272.8129655,203.0114853,-0.06980148025,0.035,0.08843,0.007529,-0.1,NA,0.080901,2024-02-06 17:31:00,2024-02-08 12:38:00,43.11666667,NA,0.68002,6.985698359,7.018511383,0.4317187985,0.04656650292,-0.2501843972,8,32.89,12.55,1,0,7.002104871,0.0001748083681,4274.577727,4290.637166,4274.577727,4290.637166,4274.577727,4290.637447,0.001868027707,1.21E-05,0.002054928344,0.001898985,0.1858174171,0.2919388385
5,feb.2024.cluster,2024-02-06,mytilus_trossulus,shell.trossulus,A,32.7,0,0.34,0,0,444,449.7,1091.73,642.03,0,penn cove,0,NA,NA,NA,5.7,63.3,black,7.538,NA,-30.5,6.95,25,12.9,NA,101.3,12.9,NA,NA,NA,NA,2024-02-06,17:23:00,2024-02-08,12:17:00,7.472,NA,-26.7,6.894,25,12.5,NA,41.9,12.4,NA,NA,NA,NA,1862.015,0.14849242,2065.95,22.7971226,0.00103,0.023097,0,0,,dark,first,55,272.2254683,113.7904171,-0.1584350512,-0.066,0.203935,0.022067,-0.5,NA,0.181868,2024-02-06 17:23:00,2024-02-08 12:17:00,42.9,NA,0.64203,7.009876377,6.944250327,0.4159819078,0.05793839615,-0.2387533473,8,32.7,12.7,1,0,6.977063352,0.0001928310432,4728.566437,4746.313599,4728.566437,4746.313599,4728.566437,4746.313947,0.001933998735,1.18E-05,0.002138633641,0.0019639825,0.181587604,0.2853254118
6,feb.2024.cluster,2024-02-06,mytilus_trossulus,shell.trossulus,B,32.65,0,0.325,0,0,447.47,454.6,1135.82,681.22,0,penn cove,0,NA,NA,NA,7.13,44,black,7.566,NA,-32.1,7.009,25,12.8,NA,101.3,12.8,NA,NA,NA,NA,2024-02-06,17:13:00,2024-02-08,12:10:00,7.688,NA,-39,7.14,25,12.3,NA,94.2,12.3,NA,NA,NA,NA,1880.725,2.25567063,1935.17,36.5857049,0.0012,0.002525,0,0,,dark,first,55,272.8821452,256.4469461,-0.01643519914,0.122,0.054445,0.001325,-0.5,NA,0.05312,2024-02-06 17:13:00,2024-02-08 12:10:00,42.95,NA,0.68122,7.037508398,7.156671488,0.03656029257,0.002947477987,-0.05908303043,8,32.65,12.55,1,0,7.097089943,0.0001418968277,3468.302,3481.316533,3468.302,3481.316533,3468.302,3481.316721,0.001869330679,1.51E-05,0.002026321921,0.0019079475,0.2321480904,0.3649460229
7,feb.2024.cluster,2024-02-06,mytilus_trossulus,shell.trossulus,D,32.75,0,0.305,0,0,434.62,438.64,1100.92,662.28,0,penn cove,0,NA,NA,NA,4.02,59.5,black,7.632,NA,-35.9,7.031,25,12.5,NA,101.9,12.5,NA,NA,NA,NA,2024-02-06,17:04:00,2024-02-08,12:06:00,7.595,NA,-33.8,7.042,25,13.1,NA,63.9,13.1,NA,NA,NA,NA,1897.585,8.46406817,2051.315,4.58912301,0.000659,0.013074,0,0,,dark,first,55,276.0658677,170.9494359,-0.1051164318,-0.037,0.15373,0.012415,0.6,NA,0.141315,2024-02-06 17:04:00,2024-02-08 12:06:00,43.03333333,NA,0.66228,7.103134448,7.06686742,0.4024215316,0.04752885187,-0.2705009948,8,32.75,12.8,1,0,7.085000934,0.0001492685655,3678.656325,3692.419923,3678.656325,3692.419923,3678.656325,3692.420132,0.001935759918,1.52E-05,0.002100257328,0.00197445,0.2342873033,0.3680196323
8,feb.2024.cluster,2024-02-06,mytilus_trossulus,shell.trossulus,C,32.98,0,0.29,0,0,458.98,462.15,1122.5,660.35,0,penn cove,0,NA,NA,NA,3.17,55.9,black,7.659,NA,-37,7.07,25,12.7,NA,101.3,12.6,NA,NA,NA,NA,2024-02-06,16:53:00,2024-02-08,12:02:00,7.584,NA,-33.2,7.038,25,12.9,NA,58.9,12.9,NA,NA,NA,NA,1926.34,1.6263456,2035.515,21.899097,0.000843,0.017795,0,0,,dark,first,55,273.469876,158.0077689,-0.1154621071,-0.075,0.109175,0.016952,0.3,NA,0.092223,2024-02-06 16:53:00,2024-02-08 12:02:00,43.15,NA,0.66035,7.122131462,7.056505412,0.5574085151,0.08183801061,-0.2226093338,8,32.98,12.8,1,0,7.089318437,0.0001483314626,3658.877402,3672.56936,3658.877402,3672.56936,3658.877402,3672.569566,0.001941451298,1.55E-05,0.002105313569,0.0019809275,0.2387116827,0.3747862027
9,feb.2024.cluster,2024-02-06,mytilus_trossulus,shell.trossulus,A,32.72,0,0.275,0,0,453.31,458.51,1064.31,605.8,0,penn cove,0,NA,NA,NA,5.2,62.2,brown,7.689,NA,-39.1,7.087,25,12.8,NA,101.7,12.7,NA,NA,NA,NA,2024-02-06,16:47:00,2024-02-08,11:50:00,7.59,NA,-33.4,7.011,25,12.8,NA,49.8,12.7,NA,NA,NA,NA,1915.685,14.8704556,2122.795,1.18086832,0.00103,0.014686,0,0,,dark,first,55,274.4165257,134.3750539,-0.1400414718,-0.099,0.20711,0.013656,0,NA,0.193454,2024-02-06 16:47:00,2024-02-08 11:50:00,43.05,NA,0.6058,7.15839849,7.059959415,0.3789740178,0.03695526132,-0.2617583159,8,32.72,12.8,1,0,7.109178952,0.0001457976557,3589.919611,3603.35516,3589.919611,3603.35516,3589.919611,3603.355362,0.001977588511,1.65E-05,0.002139840384,0.00201924,0.2531641039,0.3977021146
11,feb.2024.cluster,2024-02-06,mytilus_californianus,shell.californianus,D,32.7,0,0.252,0,0,452.46,457.81,1135.76,677.95,0,penn cove,0,NA,NA,NA,5.35,47.7,black,7.794,NA,-42,7.151,25,12.6,NA,101.4,12.6,NA,NA,NA,NA,2024-02-06,16:36:00,2024-02-08,11:41:00,7.798,NA,-45.3,7.256,25,12.6,NA,95.2,12.6,NA,NA,NA,NA,1952.99,0.48083261,2014.495,0.84145707,0.000659,0.002547,0,0,,dark,first,55,274.217913,257.4511372,-0.01676677574,0.004,0.061505,0.001888,0,NA,0.059617,2024-02-06 16:36:00,2024-02-08 11:41:00,43.08333333,NA,0.67795,7.208481527,7.265472571,0.0493155796,0.005553113831,-0.08767478476,8,32.7,12.6,1,0,7.236977049,0.0001053289464,2576.845018,2586.502178,2576.845018,2586.502178,2576.845018,2586.50228,0.001929302932,2.14E-05,0.002056058249,0.0019837425,0.3295332041,0.5178973965
12,feb.2024.cluster,2024-02-06,mytilus_trossulus,shell.trossulus,C,32.99,0,0.235,0,0,442.67,446.6,1057.51,610.91,0,penn cove,0,NA,NA,NA,3.93,59,brown,7.797,NA,-45.2,7.198,25,12.6,NA,101.4,12.6,NA,NA,NA,NA,2024-02-06,16:25:00,2024-02-08,11:35:00,7.614,NA,-34.8,7.034,25,12.6,NA,55.9,12.6,NA,NA,NA,NA,1971.345,21.9415234,2061.345,33.6512117,0.000843,0.017044,0,0,,dark,first,55,273.7227777,150.8984544,-0.1228243233,-0.183,0.09,0.016201,0,NA,0.073799,2024-02-06 16:25:00,2024-02-08 11:35:00,43.16666667,NA,0.61091,7.263745569,7.084137433,0.4423036775,0.05834155389,-0.1328790919,8,32.99,12.6,1,0,7.173941501,0.0001270664291,3113.765905,3125.444121,3113.765905,3125.444121,3113.765905,3125.444278,0.001967459365,1.93E-05,0.002113796816,0.002016345,0.2960510414,0.464978606
13,feb.2024.cluster,2024-02-06,mytilus_trossulus,shell.trossulus,A,32.76,0,0.225,0,0,453.98,457.41,1113.6,656.19,0,penn cove,0,NA,NA,NA,3.43,59.4,black,7.816,NA,-46.2,7.211,25,12.9,NA,101.5,12.8,NA,NA,NA,NA,2024-02-06,16:14:00,2024-02-08,11:29:00,7.695,NA,-39.4,7.125,25,12.5,NA,64.8,12.4,NA,NA,NA,NA,1971.2,5.04874242,2087.365,21.276843,0.00103,0.015584,0,0,,dark,first,55,273.2338094,175.9154751,-0.09731833432,-0.121,0.116165,0.014554,-0.4,NA,0.101611,2024-02-06 16:14:00,2024-02-08 11:29:00,43.25,NA,0.65619,7.281015583,7.163579493,0.4304711424,0.06437715,-0.2247295104,8,32.76,12.7,1,0,7.222297538,0.0001126694843,2763.137272,2773.486618,2763.137272,2773.486618,2763.137272,2773.486738,0.001975185226,2.14E-05,0.002109228056,0.0020292825,0.3287388612,0.5164558975
14,feb.2024.cluster,2024-02-06,mytilus_trossulus,shell.trossulus,B,32.6,0,0.205,0,0,451.87,458.06,1129.8,671.74,0,penn cove,0,NA,NA,NA,6.19,60.4,black,7.879,NA,-50.4,7.287,25,12.8,NA,101.7,12.8,NA,NA,NA,NA,2024-02-06,16:06:00,2024-02-08,11:23:00,7.73,NA,-41.4,7.191,25,12.4,NA,66.5,12.4,NA,NA,NA,NA,2006.19,0.1979899,2145.86,1.71119841,0.0012,0.009514,0,0,,dark,first,55,274.0449198,180.7109028,-0.09333401693,-0.149,0.13967,0.008314,-0.4,NA,0.131356,2024-02-06 16:06:00,2024-02-08 11:23:00,43.28333333,NA,0.67174,7.353549638,7.19811952,0.2340075228,0.02084490316,-0.1646682162,8,32.6,12.6,1,0,7.275834579,0.0001029519525,2513.78714,2523.213655,2513.78714,2523.213655,2513.78714,2523.213757,0.002014108399,2.46E-05,0.002141634059,0.002076025,0.3781097551,0.5943408804
15,feb.2024.cluster,2024-02-06,mytilus_trossulus,shell.trossulus,D,32.268,0,0.185,0,0,452.27,455.42,1109.51,654.09,0,penn cove,0,NA,NA,NA,3.15,53.3,black,7.942,NA,-53.7,7.351,25,12.6,NA,101.6,12.6,NA,NA,NA,NA,2024-02-06,15:58:00,2024-02-08,11:16:00,7.692,NA,-39.2,7.121,25,12.3,NA,57.5,12.2,NA,NA,NA,NA,2021.265,2.46780267,2131.295,1.2091526,0.000659,0.011958,0,0,,dark,first,55,275.499477,157.2434078,-0.1182560691,-0.25,0.11003,0.011299,-0.4,NA,0.098731,2024-02-06 15:58:00,2024-02-08 11:16:00,43.3,NA,0.65409,7.410540681,7.160125491,0.5671037228,0.05418499879,-0.2367350702,8,32.268,12.45,1,0,7.285333086,0.0001042244935,2527.715023,2537.214031,2527.715023,2537.214031,2527.715023,2537.214139,0.002012555435,2.53E-05,0.002142092522,0.00207628,0.389822386,0.613396057
16,feb.2024.cluster,2024-02-06,mytilus_trossulus,shell.trossulus,C,32.94,0,0.17,0,0,454.08,458.75,1444.47,985.72,0,penn cove,0,NA,NA,NA,4.67,61.5,black,7.989,NA,-56.1,7.355,25,12.9,NA,101.8,12.8,NA,NA,NA,NA,2024-02-06,15:51:00,2024-02-08,11:12:00,7.653,NA,-37.1,7.11,25,13,NA,44.8,13,NA,NA,NA,NA,2054.79,1.55563492,2192.355,6.92257539,0.000843,0.02334,0,0,,dark,first,55,273.7346117,119.960985,-0.1537736267,-0.336,0.137565,0.022497,0.2,NA,0.115068,2024-02-06 15:51:00,2024-02-08 11:12:00,43.35,NA,0.98572,7.451988712,7.123858463,0.7487372553,0.1095398632,-0.2801380847,8,32.94,12.95,1,0,7.287923588,0.0001073177487,2659.932658,2669.859431,2659.932658,2669.859431,2659.932658,2669.859556,0.002054479782,2.75E-05,0.002189293192,0.0021235725,0.4228204336,0.6637215
17,feb.2024.cluster,2024-02-06,mytilus_trossulus,shell.trossulus,A,32.7,0,0.16,0,0,454.38,459.48,1135.27,675.79,0,penn cove,0,NA,NA,NA,5.1,62.6,brown,8,NA,-56.7,7.405,25,12.9,NA,101.6,12.8,NA,NA,NA,NA,2024-02-06,15:38:00,2024-02-08,11:02:00,7.627,NA,-35.6,7.06,25,12.9,NA,38.3,12.8,NA,NA,NA,NA,2030.345,0.96873629,2179.735,7.34683946,0.00103,0.016316,0,0,,dark,first,55,273.6051424,103.1405212,-0.1704646212,-0.373,0.14939,0.015286,0,NA,0.134104,2024-02-06 15:38:00,2024-02-08 11:02:00,43.4,NA,0.67579,7.46235072,7.097953444,0.520458509,0.04667085,-0.2047215645,8,32.7,12.9,1,0,7.280152082,0.0001108547612,2737.839339,2748.067996,2737.839339,2748.067996,2737.839339,2748.068132,0.00203728506,2.69E-05,0.002175066657,0.00210504,0.4144277213,0.6509369854
18,feb.2024.cluster,2024-02-06,mytilus_trossulus,shell.trossulus,B,32.7,0,0.15,0,0,442.56,446.74,1141.89,695.15,0,penn cove,0,NA,NA,NA,4.18,56,black,8.061,NA,-60.4,7.484,25,12.9,NA,102.2,12.9,NA,NA,NA,NA,2024-02-06,15:29:00,2024-02-08,10:46:00,7.739,NA,-41.9,7.186,25,12.7,NA,56.7,12.7,NA,NA,NA,NA,2057.41,0.36769553,2171.23,0.94752309,0.0012,0.014579,0,0,,dark,first,55,274.6440558,153.0123404,-0.1216317155,-0.322,0.11382,0.013379,-0.2,NA,0.100441,2024-02-06 15:29:00,2024-02-08 10:46:00,43.28333333,NA,0.69515,7.526249769,7.206754526,0.4673350756,0.05140498063,-0.1929579064,8,32.7,12.8,1,0,7.366502147,8.88E-05,2184.14354,2192.311418,2184.14354,2192.311418,2184.14354,2192.311502,0.002033326839,3.22E-05,0.002154383564,0.00211432,0.4960124131,0.7791849321
19,feb.2024.cluster,2024-02-06,mytilus_trossulus,shell.trossulus,D,32.72,0,0.13,0,0,443.2,450.24,1101.42,651.18,0,penn cove,0,NA,NA,NA,7.04,74.7,black,8.122,NA,-63.6,7.593,25,12.6,NA,102.2,12.6,NA,NA,NA,NA,2024-02-06,15:20:00,2024-02-08,10:38:00,7.836,NA,-47.4,7.257,25,12.6,NA,60,12.6,NA,NA,NA,NA,2082.585,0.45961941,2176.63,1.4707821,0.000659,0.008568,0,0,,dark,first,55,276.3469223,162.2388976,-0.1141080247,-0.286,0.094045,0.007909,0,NA,0.086136,2024-02-06 15:20:00,2024-02-08 10:38:00,43.3,NA,0.65118,7.58151381,7.301739598,0.2437567693,0.01689515084,-0.0920015623,8,32.72,12.6,1,0,7.441626704,7.37E-05,1803.497499,1810.252218,1803.497499,1810.252218,1803.497499,1810.252273,0.002035315239,3.76E-05,0.002146603555,0.0021296075,0.5779045473,0.9081991679
21,feb.2024.cluster,2024-02-06,mytilus_californianus,shell.californianus,A,32.59,0,0.105,0,0,452.45,469.78,1154.15,684.37,0,penn cove,0,NA,NA,NA,17.33,56.1,black,8.228,NA,-69.8,7.664,25,13,NA,101.8,13,NA,NA,NA,NA,2024-02-06,14:04:00,2024-02-08,10:25:00,8.116,NA,-63.1,7.55,25,12.5,NA,88.8,12.5,NA,NA,NA,NA,2099.895,1.60513239,2137.2,49.4904036,0.00103,0.004895,0,0,,dark,first,55,273.1833969,240.8157296,-0.03236766724,-0.112,0.037305,0.003865,-0.5,NA,0.03344,2024-02-06 14:04:00,2024-02-08 10:25:00,44.35,NA,0.68437,7.688587892,7.572878804,0.02882107512,0.003441503971,-0.01488795508,8,32.59,12.75,1,0,7.630733348,4.40E-05,1080.587607,1084.62491,1080.587607,1084.62491,1080.587607,1084.624929,0.001980907981,5.49E-05,0.002079842342,0.0021185475,0.8449681244,1.327819665
22,feb.2024.cluster,2024-02-06,mytilus_trossulus,shell.trossulus,B,32.64,0,0.09,0,0,454.04,458.29,1163.23,704.94,0,penn cove,0,NA,NA,NA,4.25,59.7,black,8.278,NA,-72.5,7.699,25,12.9,NA,102.2,12.9,NA,NA,NA,NA,2024-02-06,13:55:00,2024-02-08,10:11:00,7.877,NA,-49.7,7.313,25,12.3,NA,59.4,12.2,NA,NA,NA,NA,2123.685,0.00707107,2207.12,3.67695526,0.0012,0.015567,0,0,,dark,first,55,274.7465443,162.0620365,-0.1126845078,-0.401,0.083435,0.014367,-0.7,NA,0.069068,2024-02-06 13:55:00,2024-02-08 10:11:00,44.26666667,NA,0.70494,7.735216927,7.341460628,0.4222314861,0.05383348501,-0.1293997057,8,32.64,12.6,1,0,7.538338778,6.29E-05,1530.729443,1536.47172,1530.729443,1536.47172,1530.729443,1536.471764,0.002042394837,4.92E-05,0.002154461568,0.0021654025,0.7570738138,1.189705806
23,feb.2024.cluster,2024-02-06,mytilus_trossulus,shell.trossulus,D,32.66,0,0.08,0,0,443.04,446.33,1123.35,677.02,0,penn cove,0,NA,NA,NA,3.29,56.1,brown,8.302,NA,-73.8,7.72,25,12.8,NA,101.3,12.8,NA,NA,NA,NA,2024-02-06,13:44:00,2024-02-08,10:06:00,7.722,NA,-41,7.165,25,12.9,NA,40.9,12.8,NA,NA,NA,NA,2130.465,7.95495129,2291.025,0.74246212,0.000659,0.017621,0,0,,dark,first,55,272.8651647,110.169647,-0.1626955178,-0.58,0.16056,0.016962,0,NA,0.143598,2024-02-06 13:44:00,2024-02-08 10:06:00,44.36666667,NA,0.67702,7.757667944,7.191211514,0.7546131832,0.0786730267,-0.3330176067,8,32.66,12.85,1,0,7.474439729,8.32E-05,2053.301606,2060.971131,2053.301606,2060.971131,2053.301606,2060.97122,0.002092710996,4.73E-05,0.002223221091,0.002210745,0.7280140552,1.143757929
24,feb.2024.cluster,2024-02-06,mytilus_trossulus,shell.trossulus,A,32.73,0,0.067,0,0,444.21,450.14,1089.31,639.17,0,penn cove,0,NA,NA,NA,5.93,60.5,brown,8.343,NA,-76.2,7.767,25,12.9,NA,101.9,12.9,NA,NA,NA,NA,2024-02-06,13:28:00,2024-02-08,10:03:00,7.734,NA,-41.5,7.152,25,12.8,NA,37.7,12.8,NA,NA,NA,NA,2138.47,3.66281313,2157.59,33.7431356,0.00103,0.017258,0,0,,dark,first,55,273.7867805,101.5057914,-0.1722809891,-0.609,0.01912,0.016228,-0.1,NA,0.002892,2024-02-06 13:28:00,2024-02-08 10:03:00,44.58333333,NA,0.63917,7.799115976,7.199846521,0.4165110329,0.03923323797,-0.003495887485,8,32.73,12.85,1,0,7.499481248,7.65E-05,1885.776379,1892.824091,1885.776379,1892.824091,1885.776379,1892.824166,0.00202182734,5.05E-05,0.00214881965,0.00214803,0.7764151388,1.219475341
25,feb.2024.cluster,2024-02-06,mytilus_trossulus,shell.trossulus,B,32.74,0,0.057,0,0,441.77,445.32,1090.4,645.08,0,penn cove,0,NA,NA,NA,3.55,58.9,black,8.336,NA,-75.9,7.763,25,13,NA,102,12.9,NA,NA,NA,NA,2024-02-06,13:16:00,2024-02-08,9:52:00,7.812,NA,-46.1,7.246,25,12.8,NA,55.8,12.7,NA,NA,NA,NA,2145.615,14.8280292,2256.785,7.53068722,0.0012,0.023052,0,0,,dark,first,55,274.0384212,150.5460681,-0.1234923531,-0.524,0.11117,0.021852,-0.2,NA,0.089318,2024-02-06 13:16:00,2024-02-08 9:52:00,44.6,NA,0.64508,7.793934972,7.279288581,0.5031418377,0.08903106272,-0.1819530583,8,32.74,12.9,1,0,7.536611776,6.85E-05,1688.162919,1694.46755,1688.162919,1694.46755,1688.162919,1694.467608,0.002068982851,5.30E-05,0.002190452259,0.0022012,0.8158090506,1.281142508
26,feb.2024.cluster,2024-02-06,mytilus_trossulus,shell.trossulus,C,32.98,0,0.038,0,0,454.47,457.74,1112.26,654.52,0,penn cove,0,NA,NA,NA,3.27,56.2,black,8.372,NA,-77.9,7.824,25,12.9,NA,102.3,12.9,NA,NA,NA,NA,2024-02-06,12:59:00,2024-02-08,9:42:00,8.064,NA,-60.3,7.5,25,12.6,NA,71.3,12.5,NA,NA,NA,NA,2196.58,1.41421356,2262.2,2.43244733,0.000843,0.017595,0,0,,dark,first,55,274.434546,192.887957,-0.08154658903,-0.308,0.06562,0.016752,-0.4,NA,0.048868,2024-02-06 12:59:00,2024-02-08 9:42:00,44.71666667,NA,0.65452,7.828474998,7.524522767,0.3650157017,0.07498465732,-0.1093705299,8,32.98,12.75,1,0,7.676498882,4.38E-05,1076.510408,1080.533948,1076.510408,1080.533948,1076.510408,1080.533968,0.002063320635,6.68E-05,0.002173898332,0.00222939,1.026349869,1.611406557
27,feb.2024.cluster,2024-02-06,mytilus_trossulus,shell.trossulus,A,32.7,0,0.034,0,0,442.86,446.97,1130.6,683.63,0,penn cove,0,NA,NA,NA,4.11,59.7,black,8.412,NA,-80.2,7.839,25,13.2,NA,101.9,13.2,NA,NA,NA,NA,2024-02-06,12:38:00,2024-02-08,9:35:00,8.041,NA,-59,7.49,25,12.5,NA,73,12.5,NA,NA,NA,NA,2182.735,11.6319066,2237.57,4.03050865,0.00103,0.011037,0,0,,dark,first,55,272.1255995,197.8321241,-0.07429347546,-0.371,0.054835,0.010007,-0.7,NA,0.044828,2024-02-06 12:38:00,2024-02-08 9:35:00,44.95,NA,0.68363,7.868196028,7.50207175,0.2749161606,0.03702998146,-0.08294094179,8,32.7,12.85,1,0,7.685133889,4.39E-05,1076.109355,1080.131461,1076.109355,1080.131461,1076.109355,1080.131483,0.002038902452,6.88E-05,0.00215159159,0.0022101525,1.059669802,1.664140778
28,feb.2024.cluster,2024-02-06,mytilus_trossulus,shell.trossulus,C,33.04,0,0.0288,0,0,449.59,453.6,1137.71,684.11,0,penn cove,0,NA,NA,NA,4.01,61.35,black,8.429,NA,-81.2,7.867,25,13,NA,101.9,13,NA,NA,NA,NA,2024-02-06,12:15:00,2024-02-08,9:30:00,7.99,NA,-56,7.418,25,12.5,NA,58.6,12.4,NA,NA,NA,NA,2204.965,2.83549819,2290.645,0.24748737,0.000843,0.020008,0,0,,dark,first,55,272.6881917,158.8063018,-0.11388189,-0.439,0.08568,0.019165,-0.6,NA,0.066515,2024-02-06 12:15:00,2024-02-08 9:30:00,45.25,NA,0.68411,7.885466041,7.450261711,0.429356111,0.072255649,-0.1253870204,8,33.04,12.75,1,0,7.667863876,4.84E-05,1187.041888,1191.48387,1187.041888,1191.48387,1187.041888,1191.483897,0.002075491558,6.93E-05,0.00219322782,0.002247805,1.065734842,1.672824639
29,feb.2024.cluster,2024-02-06,mytilus_trossulus,shell.trossulus,C,33.02,0,0.024,0,0,443.41,448.05,1101.64,653.59,0,penn cove,0,NA,NA,NA,4.64,60.7,black,8.443,NA,-82.1,7.886,25,13.4,NA,101.9,13.3,NA,NA,NA,NA,2024-02-06,11:56:00,2024-02-08,9:12:00,7.953,NA,-54,7.402,25,12.2,NA,56.1,12.1,NA,NA,NA,NA,2175.63,38.2403347,2257.96,32.2440692,0.000843,0.01558,0,0,,dark,first,55,271.0209683,153.0200071,-0.1180009613,-0.49,0.08233,0.014737,-1.2,NA,0.067593,2024-02-06 11:56:00,2024-02-08 9:12:00,45.26666667,NA,0.65359,7.901009053,7.415721685,0.3671930464,0.04585830375,-0.1051672771,8,33.02,12.8,1,0,7.658365369,5.06E-05,1233.678524,1238.304762,1233.678524,1238.304762,1233.678524,1238.304793,0.00204495648,6.90E-05,0.002164487952,0.002216795,1.06085339,1.664457858
31,feb.2024.cluster,2024-02-06,mytilus_californianus,shell.californianus,B,32.78,0,0.026,0,0,458.09,472.46,1136.5,664.04,0,penn cove,0,NA,NA,NA,14.37,64,black,8.479,NA,-84,7.991,25,13,NA,101.5,13,NA,NA,NA,NA,2024-02-06,12:04:00,2024-02-08,9:24:00,8.317,NA,-74.6,7.77,25,12.3,NA,92.4,12.3,NA,NA,NA,NA,2179.255,1.26572114,2209.285,0.30405592,0.0012,0.004294,0,0,,dark,first,55,272.0569526,251.3425319,-0.02071442069,-0.162,0.03003,0.003094,-0.7,NA,0.026936,2024-02-06 12:04:00,2024-02-08 9:24:00,45.33333333,NA,0.66404,7.933822078,7.771483955,0.02111507417,0.003153843424,-0.0137284949,8,32.78,12.65,1,0,7.852653016,2.66E-05,649.6281768,652.0584455,649.6281768,652.0584455,649.6281768,652.0584523,0.001966283553,9.15E-05,0.002084366747,0.00219427,1.407508611,2.211171567
32,feb.2024.cluster,2024-02-06,mytilus_trossulus,shell.trossulus,C,32.85,0,0.015,0,0,441.15,445.04,1092.6,647.56,0,penn cove,0,NA,NA,NA,3.89,55.9,black,8.472,NA,-83.4,7.902,25,12.5,NA,101.2,12.4,NA,NA,NA,NA,2024-02-06,19:18:00,2024-02-08,14:09:00,8.151,NA,-65.2,7.582,25,12.2,NA,72,12.2,NA,NA,NA,NA,2208.655,0.62932504,2261.495,2.18495995,0.000843,0.008236,0,0,,dark,first,55,274.5779211,196.18117,-0.0783967511,-0.321,0.05284,0.007393,-0.2,NA,0.045447,2024-02-06 19:18:00,2024-02-08 14:09:00,42.85,NA,0.64756,7.92346007,7.609145831,0.3045633578,0.02872104868,-0.08827847282,8,32.85,12.35,1,0,7.766302951,3.58E-05,866.8455941,870.1014505,866.8455941,870.1014505,866.8455941,870.1014638,0.002036827353,7.98E-05,0.00215234939,0.002235075,1.22559207,1.926260164
33,feb.2024.cluster,2024-02-06,mytilus_trossulus,shell.trossulus,D,32.7,0,0.005,0,0,440.49,445.97,1057.53,611.56,0,penn cove,0,NA,NA,NA,5.48,65.8,black,8.493,NA,-84.6,7.927,25,12.5,NA,101.5,12.4,NA,NA,NA,NA,2024-02-06,19:30:00,2024-02-08,14:24:00,8.186,NA,-67.2,7.606,25,12.3,NA,70.4,12.2,NA,NA,NA,NA,2205.74,1.59806133,2265.665,1.30814755,0.000659,0.009044,0,0,,dark,first,55,275.649817,192.0015092,-0.08364830777,-0.307,0.059925,0.008385,-0.2,NA,0.05154,2024-02-06 19:30:00,2024-02-08 14:24:00,42.9,NA,0.61156,7.944184086,7.643685858,0.2175997444,0.02181244194,-0.06703716502,8,32.7,12.4,1,0,7.793934972,3.32E-05,806.0080867,809.0324411,806.0080867,809.0324411,806.0080867,809.0324525,0.002027186961,8.40E-05,0.002144341826,0.0022357025,1.290773415,2.029258478
34,feb.2024.cluster,2024-02-06,mytilus_trossulus,shell.trossulus,A,32.68,0,0,0,0,443.92,447.36,1082.94,635.58,0,penn cove,0,NA,NA,NA,3.44,57.5,black,8.5,NA,-85.3,7.937,25,12.9,NA,101.2,12.9,NA,NA,NA,NA,2024-02-06,19:10:00,2024-02-08,13:24:00,8.169,NA,-66.3,7.646,25,12.3,NA,70.9,12.2,NA,NA,NA,NA,2207.195,0.28991378,2255.325,0.03535534,0.00103,0.009658,0,0,,dark,first,55,271.9905607,193.389329,-0.0786012317,-0.331,0.04813,0.008628,-0.7,NA,0.039502,2024-02-06 19:10:00,2024-02-08 13:24:00,42.23333333,NA,0.63558,7.956273095,7.628142846,0.3438632563,0.03774561939,-0.08640631996,8,32.68,12.6,1,0,7.79220797,3.35E-05,817.5083253,820.5713241,817.5083253,820.5713241,817.5083253,820.571336,0.002020292349,8.50E-05,0.002138803523,0.00223126,1.307128415,2.053984648
35,feb.2024.cluster,2024-02-06,mytilus_trossulus,shell.trossulus,C,32.88,0,0,0.0605,0,446.13,449.34,1090.95,641.61,0,penn cove,0,NA,NA,NA,3.21,52.4,black,8.693,NA,-96,8.147,25,12.5,NA,101.2,12.5,NA,NA,NA,NA,2024-02-06,19:38:00,2024-02-08,14:33:00,8.408,NA,-79.7,7.842,25,12.2,NA,71.1,12.2,NA,NA,NA,NA,2325.535,0.34648232,2353.3,3.52139177,0.000843,0.005398,0,0,,dark,first,55,273.9472483,193.6925838,-0.08025466443,-0.285,0.027765,0.004555,-0.3,NA,0.02321,2024-02-06 19:38:00,2024-02-08 14:33:00,42.91666667,NA,0.64161,8.141062235,7.859561021,0.373775122,0.02121428945,-0.05404870012,8,32.88,12.35,1,0,8.000311628,2.04E-05,493.6585721,495.511763,493.6585721,495.511763,493.6585721,495.5117672,0.002011405686,0.0001332866686,0.002165045592,0.0023394175,2.047507606,3.217888755
36,feb.2024.cluster,2024-02-06,mytilus_trossulus,shell.trossulus,D,32.64,0,0,0.04,0,444.09,448.05,1040.23,592.18,0,penn cove,0,NA,NA,NA,3.96,53.7,brown,8.643,NA,-93.2,8.069,25,12.3,NA,101.1,12.3,NA,NA,NA,NA,2024-02-06,19:47:00,2024-02-08,14:37:00,8.251,NA,-70.9,7.686,25,12.2,NA,70.1,12.2,NA,NA,NA,NA,2263.47,1.17379726,2286.395,38.6575277,0.000659,0.007402,0,0,,dark,first,55,275.2484669,191.2550296,-0.08399343721,-0.392,0.022925,0.006743,-0.1,NA,0.016182,2024-02-06 19:47:00,2024-02-08 14:37:00,42.83333333,NA,0.59218,8.092706198,7.707584906,0.2932392032,0.02354126719,-0.02824742589,8,32.64,12.25,1,0,7.900145552,2.70E-05,652.6722793,655.1252194,652.6722793,655.1252194,652.6722793,655.1252274,0.002006925471,0.0001083751104,0.002142305799,0.0022749325,1.665872055,2.620125772
37,feb.2024.cluster,2024-02-06,mytilus_trossulus,shell.trossulus,B,32.63,0,0,0.08,0,447.2,451.3,1112,660.7,0,penn cove,0,NA,NA,NA,4.1,56,black,8.671,NA,-95,8.114,25,12.7,NA,101.3,12.7,NA,NA,NA,NA,2024-02-06,19:53:00,2024-02-08,14:45:00,8.343,NA,-76,7.772,25,12.2,NA,68.2,12.2,NA,NA,NA,NA,2302.44,0.70710678,2362.225,2.52437121,0.0012,0.015207,0,0,,dark,first,55,273.4904468,186.0828572,-0.0874075896,-0.328,0.059785,0.014007,-0.5,NA,0.045778,2024-02-06 19:53:00,2024-02-08 14:45:00,42.86666667,NA,0.6607,8.123792222,7.795661973,0.328586624,0.0526557575,-0.0860453797,8,32.63,12.45,1,0,7.959727097,2.31E-05,560.6066011,562.7099806,560.6066011,562.7099806,560.6066011,562.7099863,0.002027837048,0.0001237303536,0.002174677067,0.0023323325,1.903141821,2.991875348
38,feb.2024.cluster,2024-02-06,mytilus_trossulus,shell.trossulus,A,32.65,0,0,0.13,0,393.01,398.46,1006.62,608.16,0,penn cove,0,NA,NA,NA,5.45,65.1,black,8.792,NA,-98.8,8.185,25,12.7,NA,101.3,12.6,NA,NA,NA,NA,2024-02-06,20:01:00,2024-02-08,14:52:00,8.478,NA,-83.8,7.9,25,12.4,NA,74.1,12.3,NA,NA,NA,NA,2335.74,0.96166522,2375.485,3.82544769,0.00103,0.009903,0,0,,dark,first,55,274.0328555,201.7273748,-0.07230548067,-0.314,0.039745,0.008873,-0.3,NA,0.030872,2024-02-06 20:01:00,2024-02-08 14:52:00,42.85,NA,0.60816,8.189418272,7.930368075,0.1882962805,0.02310686384,-0.04019807847,8,32.65,12.55,1,0,8.059893173,1.73E-05,422.8009617,424.3838702,422.8009617,424.3838702,422.8009617,424.3838733,0.001986991051,0.0001501715611,0.00215450513,0.0023556125,2.30997809,3.63088454
39,feb.2024.cluster,2024-02-06,mytilus_trossulus,shell.trossulus,C,32.99,0,0,0.16,0,397.27,401.52,1084.99,683.47,0,penn cove,0,NA,NA,NA,4.25,64.7,black,8.81,NA,-101.45,8.265,25,12.5,NA,100.8,12.4,NA,NA,NA,NA,2024-02-06,20:07:00,2024-02-08,15:03:00,8.572,NA,-89,8.006,25,12.4,NA,73.6,12.4,NA,NA,NA,NA,2393.45,0.53740115,2397.54,58.5060151,0.000843,0.015171,0,0,,dark,first,55,273.2537749,199.5186293,-0.07373514562,-0.238,0.00409,0.014328,0,NA,-0.010238,2024-02-06 20:07:00,2024-02-08 15:03:00,42.93333333,NA,0.68347,8.235183806,8.020172143,0.2761915965,0.05366875133,0.01917436754,8,32.99,12.45,1,0,8.127677975,1.44E-05,351.5937905,352.9110473,351.5937905,352.9110473,351.5937905,352.9110494,0.001971120389,0.0001732848868,0.002158827964,0.002395495,2.661226036,4.180859406
41,feb.2024.cluster,2024-02-06,mytilus_trossulus,shell.trossulus,B,32.65,0,0,0.205,0,396.7,401.19,1071.22,670.03,0,penn cove,0,NA,NA,NA,4.49,60.5,black,8.88,NA,-106.6,8.323,25,12.6,NA,101.2,12.6,NA,NA,NA,NA,2024-02-06,20:22:00,2024-02-08,15:13:00,8.628,NA,-92.2,8.064,25,12.1,NA,70.8,12.1,NA,NA,NA,NA,2391.305,47.6943524,2459.76,1.10308658,0.0012,0.008212,0,0,,dark,first,55,273.7623393,193.5635923,-0.08019874706,-0.252,0.068455,0.007012,-0.5,NA,0.061443,2024-02-06 20:22:00,2024-02-08 15:13:00,42.85,NA,0.67003,8.324124374,8.075436185,0.2792959669,0.02441962489,-0.106989091,8,32.65,12.35,1,0,8.199780279,1.23E-05,298.747808,299.8694992,298.747808,299.8694992,298.747808,299.8695007,0.001939163055,0.0001992627793,0.002150772093,0.0024255325,3.063812059,4.81746123
42,feb.2024.cluster,2024-02-06,mytilus_trossulus,shell.trossulus,A,32.62,0,0,0.23,0,394.28,398.86,1043.73,644.87,0,penn cove,0,NA,NA,NA,4.58,63.6,black,8.91,NA,-108.2,8.36,25,12.6,NA,101.2,12.6,NA,NA,NA,NA,2024-02-06,20:29:00,2024-02-08,15:22:00,8.59,NA,-90,8.031,25,12.3,NA,63.8,12.2,NA,NA,NA,NA,2450.5,1.79605122,2533.325,0.70003571,0.00103,0.028271,0,0,,dark,first,55,273.8135261,174.088392,-0.09972513415,-0.32,0.082825,0.027241,-0.4,NA,0.055584,2024-02-06 20:29:00,2024-02-08 15:22:00,42.88333333,NA,0.64487,8.351756395,8.037442156,0.3274332577,0.08944193906,-0.09125106899,8,32.62,12.45,1,0,8.194599275,1.32E-05,321.7548594,322.9610867,321.7548594,322.9610867,321.7548594,322.9610886,0.001992832453,0.000205498419,0.002211578121,0.0024919125,3.160670794,4.969285978
43,feb.2024.cluster,2024-02-06,mytilus_trossulus,shell.trossulus,C,32.95,0,0,0.255,0,395.21,400.28,1026.94,626.66,0,penn cove,0,NA,NA,NA,5.07,62.4,black,8.955,NA,-110.8,8.407,25,12.5,NA,101,12.4,NA,NA,NA,NA,2024-02-06,20:37:00,2024-02-08,15:27:00,8.684,NA,-95.4,8.12,25,12.2,NA,65.7,12.2,NA,NA,NA,NA,2496.695,0.34648232,2541.365,0.55861436,0.000843,0.014935,0,0,,dark,first,55,273.8643043,178.9034657,-0.09496083863,-0.271,0.04467,0.014092,-0.2,NA,0.030578,2024-02-06 20:37:00,2024-02-08 15:27:00,42.83333333,NA,0.62666,8.396658429,8.130700227,0.2740227898,0.04066443819,-0.04411854921,8,32.95,12.35,1,0,8.263679328,1.08E-05,261.4224986,262.4036121,261.4224986,262.4036121,261.4224986,262.4036133,0.001950643458,0.000234354835,0.002195772714,0.00251903,3.599053228,5.655520891
44,feb.2024.cluster,2024-02-06,mytilus_trossulus,shell.trossulus,D,32.64,0,0,0.278,0,402.89,406.41,1078.35,671.94,0,penn cove,0,NA,NA,NA,3.52,56.1,black,8.985,NA,-112.4,8.447,25,12.3,NA,100.9,12.3,NA,NA,NA,NA,2024-02-06,20:58:00,2024-02-08,15:38:00,8.889,NA,-106.9,8.321,25,12.1,NA,80.1,12.1,NA,NA,NA,NA,2503.505,1.46371104,2523.41,3.22440692,0.000659,0.006848,0,0,,dark,first,55,274.7039595,219.0030159,-0.05570094361,-0.096,0.019905,0.006189,-0.2,NA,0.013716,2024-02-06 20:58:00,2024-02-08 15:38:00,42.66666667,NA,0.67194,8.42429045,8.329305378,0.2492078217,0.027689786,-0.03068291362,8,32.64,12.2,1,0,8.376797914,7.43E-06,179.2981794,179.9719445,179.2981794,179.9719445,179.2981794,179.971945,0.001841786976,0.000277329357,0.002126544824,0.0025134575,4.262334625,6.704681193
45,feb.2024.cluster,2024-02-06,mytilus_trossulus,shell.trossulus,B,32.62,0,0,0.3,0,393.67,396.74,1004.41,607.67,0,penn cove,0,NA,NA,NA,3.07,54.5,black,9.014,NA,-114.2,8.463,25,12.6,NA,100.8,12.6,NA,NA,NA,NA,2024-02-06,21:05:00,2024-02-08,15:44:00,8.842,NA,-104.4,8.282,25,12.3,NA,74.9,12.2,NA,NA,NA,NA,2530.675,1.94454365,2550.705,2.32638131,0.0012,0.008968,0,0,,dark,first,55,272.7312592,204.3764978,-0.06835476144,-0.172,0.02003,0.007768,-0.4,NA,0.012262,2024-02-06 21:05:00,2024-02-08 15:44:00,42.65,NA,0.60767,8.455376473,8.286130345,0.3172335836,0.03605118978,-0.02845389348,8,32.62,12.45,1,0,8.370753409,7.73E-06,187.8822594,188.5862335,187.8822594,188.5862335,187.8822594,188.5862341,0.001862170934,0.0002807883801,0.002150688305,0.00254069,4.318472597,6.789863866
46,feb.2024.cluster,2024-02-06,mytilus_trossulus,shell.trossulus,A,32.65,0,0,0.323,0,395.26,398.99,1055.16,656.17,0,penn cove,0,NA,NA,NA,3.73,57.6,black,9.065,NA,-117.1,8.517,25,12.6,NA,101.1,12.6,NA,NA,NA,NA,2024-02-06,21:11:00,2024-02-08,15:52:00,8.908,NA,-108,8.344,25,12.2,NA,78.5,12.1,NA,NA,NA,NA,2561.075,15.2098669,2586.885,3.06177236,0.00103,0.007169,0,0,,dark,first,55,273.4918232,214.6149999,-0.05887682328,-0.157,0.02581,0.006139,-0.5,NA,0.019671,2024-02-06 21:11:00,2024-02-08 15:52:00,42.68333333,NA,0.65617,8.505459511,8.348302392,0.2426574225,0.0253015335,-0.04053644449,8,32.65,12.4,1,0,8.426880952,6.64E-06,161.0475655,161.6514413,161.0475655,161.6514413,161.0475655,161.6514417,0.001822632399,0.0003116937576,0.002140962858,0.00257398,4.792744207,7.535696741
47,feb.2024.cluster,2024-02-06,mytilus_trossulus,shell.trossulus,C,32.89,0,0,0.343,0,395.83,401.07,1017.32,616.25,0,penn cove,0,NA,NA,NA,5.24,62.2,black,9.071,NA,-117.3,8.524,25,12.4,NA,101.3,12.3,NA,NA,NA,NA,2024-02-06,21:19:00,2024-02-08,16:03:00,8.828,NA,-103.6,8.26,25,12.4,NA,68.7,12.4,NA,NA,NA,NA,2587.085,1.03944697,2631.355,0.75660426,0.000843,0.015148,0,0,,dark,first,55,275.3626889,186.3517259,-0.08901096293,-0.243,0.04427,0.014305,0.1,NA,0.029965,2024-02-06 21:19:00,2024-02-08 16:03:00,42.73333333,NA,0.61625,8.508913514,8.272314334,0.2449640616,0.03936830684,-0.04123283168,8,32.89,12.4,1,0,8.390613924,7.68E-06,186.8378591,187.5380435,186.8378591,187.5380435,186.8378591,187.5380441,0.001885407269,0.0003006272871,0.002193711873,0.00260922,4.618050855,7.257505662
48,feb.2024.cluster,2024-02-06,mytilus_trossulus,shell.trossulus,D,32.67,0,0,0.365,0,397.5,402.76,1053.74,650.98,0,penn cove,0,NA,NA,NA,5.26,69.8,black,9.105,NA,-119.2,8.549,25,12.3,NA,101.3,12.3,NA,NA,NA,NA,2024-02-06,21:30:00,2024-02-08,16:05:00,8.937,NA,-109.6,8.372,25,12.1,NA,73.9,12,NA,NA,NA,NA,2593.005,1.81726443,2607.535,1.30814755,0.000659,0.006533,0,0,,dark,first,55,275.7413045,202.4439685,-0.07329733599,-0.168,0.01453,0.005874,-0.3,NA,0.008656,2024-02-06 21:30:00,2024-02-08 16:05:00,42.58333333,NA,0.65098,8.541726539,8.375934413,0.2130249334,0.01707167719,-0.0125785187,8,32.67,12.2,1,0,8.458830476,6.15E-06,148.4660141,149.0239783,148.4660141,149.0239783,148.4660141,149.0239786,0.001805924754,0.0003301268117,0.00214220366,0.00260027,5.073282683,7.979684186
49,feb.2024.cluster,2024-02-06,mytilus_trossulus,shell.trossulus,B,32.67,0,0,0.39,0,396.93,400.69,1033.79,633.1,0,penn cove,0,NA,NA,NA,3.76,61.8,black,9.118,NA,-120,8.575,25,12.6,NA,101.4,12.5,NA,NA,NA,NA,2024-02-06,21:36:00,2024-02-08,16:13:00,8.919,NA,-108.7,8.357,25,12.2,NA,68.7,12.2,NA,NA,NA,NA,2626.245,1.03944697,2662.42,1.20208153,0.0012,0.013961,0,0,,dark,first,55,274.8483681,187.4002441,-0.08744812402,-0.199,0.036175,0.012761,-0.3,NA,0.023414,2024-02-06 21:36:00,2024-02-08 16:13:00,42.61666667,NA,0.6331,8.555542549,8.360391401,0.3455059161,0.05041847432,-0.04625413987,8,32.67,12.4,1,0,8.457966975,6.31E-06,153.1206432,153.694878,153.1206432,153.694878,153.1206432,153.6948783,0.001833850521,0.0003378533573,0.002178015493,0.0026443325,5.194655659,8.167177811
51,feb.2024.cluster,2024-02-06,mytilus_californianus,shell.californianus,C,32.6,0,0,0.452,0,402.21,416.67,1020.03,603.36,0,penn cove,0,NA,NA,NA,14.46,63.8,black,9.18,NA,-123.6,8.636,25,12.6,NA,101.2,12.5,NA,NA,NA,NA,2024-02-06,21:54:00,2024-02-08,17:16:00,9.081,NA,-117.9,8.536,25,12.2,NA,89.4,12.1,NA,NA,NA,NA,2607.65,123.163859,2657.855,32.3925616,0.000843,0.00416,0,0,,dark,first,55,274.4260363,244.4914934,-0.02993454289,-0.099,0.050205,0.003317,-0.4,NA,0.046888,2024-02-06 21:54:00,2024-02-08 17:16:00,43.36666667,NA,0.60336,8.617714596,8.519275522,0.02880214357,0.003191520599,-0.02255713262,8,32.6,12.4,1,0,8.568495059,4.36E-06,105.8052305,106.2018666,105.8052305,106.2018666,105.8052305,106.2018667,0.001682848765,0.0003960228145,0.002083231044,0.0026327525,6.09039584,9.577326293
52,feb.2024.cluster,2024-02-06,mytilus_trossulus,shell.trossulus,D,32.65,0,0,0.482,0,394.73,397.64,1036.71,639.07,0,penn cove,0,NA,NA,NA,2.91,53.5,black,9.2,NA,-124.6,8.656,25,12.3,NA,100.9,12.3,NA,NA,NA,NA,2024-02-06,21:59:00,2024-02-08,17:26:00,9.083,NA,-117.9,8.516,25,12.3,NA,80,12.3,NA,NA,NA,NA,2694.775,18.349421,2715.28,0.86267027,0.000659,0.007045,0,0,,dark,first,55,274.6868032,217.7893385,-0.05689746469,-0.117,0.020505,0.006386,0,NA,0.014119,2024-02-06 21:59:00,2024-02-08 17:26:00,43.45,NA,0.63907,8.63498461,8.519275522,0.2875799316,0.03227710502,-0.03568121248,8,32.65,12.3,1,0,8.577130066,4.39E-06,106.3242398,106.7231649,106.3242398,106.7231649,106.3242398,106.7231651,0.001720503976,0.0004123492222,0.002137242036,0.0027050275,6.338587571,9.968666803
53,feb.2024.cluster,2024-02-06,mytilus_trossulus,shell.trossulus,B,32.63,0,0,0.512,0,396.73,400.03,1056.5,656.47,0,penn cove,0,NA,NA,NA,3.3,52.9,black,9.239,NA,-127,8.697,25,12.6,NA,101.1,12.5,NA,NA,NA,NA,2024-02-06,22:05:00,2024-02-08,17:32:00,9.063,NA,-116.9,8.516,25,12.2,NA,71,12.2,NA,NA,NA,NA,2744.015,18.0241519,2787.975,4.39113311,0.0012,0.009672,0,0,,dark,first,55,274.1035763,193.7226226,-0.08038095376,-0.176,0.04396,0.008472,-0.3,NA,0.035488,2024-02-06 22:05:00,2024-02-08 17:32:00,43.45,NA,0.65647,8.676432641,8.502005509,0.3680139814,0.03878797531,-0.08123864895,8,32.63,12.4,1,0,8.589219075,4.41E-06,106.8664158,107.2671495,106.8664158,107.2671495,106.8664158,107.2671497,0.001740409905,0.0004312267229,0.00217604223,0.002765995,6.631218988,10.42685161
54,feb.2024.cluster,2024-02-06,mytilus_trossulus,shell.trossulus,A,32.63,0,0,0.542,0,394.44,398.8,974.47,575.67,0,penn cove,0,NA,NA,NA,4.36,54.1,brown,9.251,NA,-127.6,8.719,25,12.6,NA,100.9,12.5,NA,NA,NA,NA,2024-02-06,22:10:00,2024-02-08,17:37:00,9.056,NA,-116.6,8.516,25,12.3,NA,72,12.3,NA,NA,NA,NA,2781.075,1.66170094,2768.965,43.6638437,0.00103,0.01124,0,0,,dark,first,55,273.5613339,196.0348901,-0.07752644372,-0.195,-0.01211,0.01021,-0.2,NA,-0.02232,2024-02-06 22:10:00,2024-02-08 17:37:00,43.45,NA,0.57567,8.686794649,8.496824505,0.2355847587,0.03102580579,0.03391263395,8,32.63,12.45,1,0,8.591809577,4.39E-06,106.670232,107.0699109,106.670232,107.0699109,106.670232,107.0699111,0.001739512855,0.0004357660664,0.00217966773,0.00277502,6.701748876,10.53680942
55,feb.2024.cluster,2024-02-06,mytilus_trossulus,shell.trossulus,C,32.85,0,0,0.575,0,395.91,402.25,1041.23,638.98,0,penn cove,0,NA,NA,NA,6.34,63.3,black,9.279,NA,-129.2,8.725,25,12.4,NA,101.3,12.4,NA,NA,NA,NA,2024-02-06,22:16:00,2024-02-08,17:56:00,9.086,NA,-118.3,8.554,25,12.3,NA,70.3,12.2,NA,NA,NA,NA,2827.415,1.16672619,2842.035,0.27577164,0.000843,0.008696,0,0,,dark,first,55,274.8492431,191.5491146,-0.08330012856,-0.193,0.01462,0.007853,-0.2,NA,0.006767,2024-02-06 22:16:00,2024-02-08 17:56:00,43.66666667,NA,0.63898,8.71442667,8.526183527,0.1922620806,0.01812523156,-0.007809336685,8,32.85,12.35,1,0,8.620305098,4.10E-06,99.60292706,99.97646392,99.60292706,99.97646392,99.60292706,99.97646409,0.001735419527,0.0004638723556,0.002203394012,0.002834725,7.126110414,11.2009698
56,feb.2024.cluster,2024-02-06,mytilus_trossulus,shell.trossulus,D,32.6,0,0,0.6,0,401.93,407.08,1034.91,627.83,0,penn cove,0,NA,NA,NA,5.15,65.6,black,9.296,NA,-130,8.762,25,12.2,NA,100.9,12.2,NA,NA,NA,NA,2024-02-06,22:27:00,2024-02-08,18:11:00,9.086,NA,-118.2,8.546,25,12.1,NA,67.3,12.1,NA,NA,NA,NA,2796.64,29.4015,2845.88,0.4384062,0.000659,0.009079,0,0,,dark,first,55,275.3560286,184.0523211,-0.09130370745,-0.21,0.04924,0.00842,-0.1,NA,0.04082,2024-02-06 22:27:00,2024-02-08 18:11:00,43.73333333,NA,0.62783,8.72824268,8.524456526,0.2545134086,0.02347114877,-0.05689384161,8,32.6,12.15,1,0,8.626349603,4.09E-06,98.55002917,98.92057689,98.55002917,98.92057689,98.55002917,98.92057705,0.001727488204,0.0004614942614,0.002193073162,0.00282126,7.093021883,11.15947781
57,feb.2024.cluster,2024-02-06,mytilus_trossulus,shell.trossulus,B,32.64,0,0,0.625,0,393.65,397.61,999.35,601.74,0,penn cove,0,NA,NA,NA,3.96,57.1,black,9.333,NA,-132.5,8.8,25,12.5,NA,101.1,12.5,NA,NA,NA,NA,2024-02-06,22:35:00,2024-02-08,18:24:00,9.142,NA,-121.3,8.611,25,12.3,NA,68.7,12.2,NA,NA,NA,NA,2878.27,0.98994949,2884.715,40.4252947,0.0012,0.015881,0,0,,dark,first,55,274.0864825,187.4353857,-0.0866510968,-0.191,0.006445,0.014681,-0.3,NA,-0.008236,2024-02-06 22:35:00,2024-02-08 18:24:00,43.81666667,NA,0.60174,8.771417713,8.577993566,0.3005027317,0.05091315364,0.0142810685,8,32.64,12.4,1,0,8.67470564,3.53E-06,85.58233821,85.90314881,85.58233821,85.90314881,85.58233821,85.90314893,0.001682611982,0.0005078237298,0.002193960816,0.0028814925,7.808568063,12.27810928
58,feb.2024.cluster,2024-02-06,mytilus_trossulus,shell.trossulus,A,32.54,0,0,0.64,0,399.41,402.16,1010.56,608.4,0,penn cove,0,NA,NA,NA,2.75,53,black,9.346,NA,-133,8.804,25,12.6,NA,100.9,12.6,NA,NA,NA,NA,2024-02-06,22:40:00,2024-02-08,18:35:00,9.177,NA,-123.3,8.63,25,12.3,NA,72.4,12.2,NA,NA,NA,NA,2898.285,1.13844192,2904.06,1.56977705,0.00103,0.006102,0,0,,dark,first,55,273.1379661,197.6536565,-0.0754843096,-0.169,0.005775,0.005072,-0.4,NA,0.000703,2024-02-06 22:40:00,2024-02-08 18:35:00,43.91666667,NA,0.6084,8.78005272,8.612533592,0.3802627894,0.02555091088,-0.001770730516,8,32.54,12.45,1,0,8.696293156,3.28E-06,79.61670406,79.91499594,79.61670406,79.91499594,79.61670406,79.91499604,0.001661402513,0.000525990477,0.002190670088,0.0029011725,8.091969289,12.72531479
59,feb.2024.cluster,2024-02-06,mytilus_trossulus,shell.trossulus,C,32.92,0,0,0.645,0,441.3,446.01,1045.03,599.02,0,penn cove,0,NA,NA,NA,4.71,62.7,black,9.344,NA,-132.8,8.812,25,12.4,NA,101,12.3,NA,NA,NA,NA,2024-02-06,22:47:00,2024-02-08,18:41:00,9.174,NA,-123.2,8.633,25,12.1,NA,71.8,12,NA,NA,NA,NA,2904,7.94788022,2919.23,0.05656854,0.000843,0.010661,0,0,,dark,first,55,274.4957658,196.3836188,-0.07811214702,-0.17,0.01523,0.009818,-0.3,NA,0.005412,2024-02-06 22:47:00,2024-02-08 18:41:00,43.9,NA,0.59902,8.776598717,8.610806591,0.2262947459,0.02844323066,-0.00783941558,8,32.92,12.25,1,0,8.693702654,3.32E-06,80.26117385,80.56265456,80.26117385,80.56265456,80.26117385,80.56265467,0.00167022003,0.0005261726807,0.002199710228,0.002911615,8.079348859,12.69951515
3,mar.2024.cluster,2024-03-26,mytilus_trossulus,shell.trossulus.painted,D,33.27,0,0.378,0,0,447.79,501.99,1110.87,608.88,0,penn cove,0,NA,NA,NA,54.2,4.22,black,6.966,NA,-24.1,6.842,25,12.5,NA,102.6,12.4,NA,NA,NA,NA,2024-03-26,20:31:00,2024-03-28,16:26:00,7.154,NA,-34.7,7.054,25,12.5,NA,92.5,12.5,NA,NA,NA,NA,1871.515,0.2333452378,1958.56,0.22627417,0.0017,0.001954,0,0,,dark,first,55,277.647697,249.7881669,-0.02785953003,0.188,0.087045,0.000254,0.1,NA,0.086791,2024-03-26 20:31:00,2024-03-28 16:26:00,43.91666667,NA,0.60888,6.899348293,7.082410432,0.007126509019,6.50E-05,-0.01110063313,8,33.27,12.5,1,0,6.990879362,0.0001837984956,4496.887928,4513.800609,4496.887928,4513.800609,4496.887928,4513.800931,0.001883674003,1.23E-05,0.002079738276,0.0019150375,0.1881781727,0.2954351832
4,mar.2024.cluster,2024-03-26,mytilus_trossulus,shell.trossulus.painted,A,33.4,0,0.365,0,0,444.13,502.33,979.66,477.33,0,penn cove,0,NA,NA,NA,58.2,4.81,black,6.974,NA,-24.3,6.847,25,12.7,NA,102.1,12.6,NA,NA,NA,NA,2024-03-26,20:23:00,2024-03-28,16:18:00,7.158,NA,-34.9,7.017,25,12.7,NA,82.8,12.7,NA,NA,NA,NA,1884.645,3.811305551,1981.95,1.216223664,0.001933,0.005417,0,0,,dark,first,55,274.909067,222.4746704,-0.05243439654,0.184,0.097305,0.003484,0.1,NA,0.093821,2024-03-26 20:23:00,2024-03-28 16:18:00,43.91666667,NA,0.47733,6.902802296,7.085864434,0.009792253566,0.0006506456386,-0.00876065219,8,33.4,12.7,1,0,6.994333365,0.000182825533,4504.790967,4521.69004,4504.790967,4521.69004,4504.790967,4521.690362,0.001901087981,1.26E-05,0.002096534035,0.0019332975,0.1936056165,0.3037571652
5,mar.2024.cluster,2024-03-26,mytilus_trossulus,shell.trossulus.painted,B,33.35,0,0.34,0,0,444.48,502.78,1024.06,521.28,0,penn cove,0,NA,NA,NA,58.3,3.8,black,7.007,NA,-26.1,6.9,25,12.4,NA,102.3,12.4,NA,NA,NA,NA,2024-03-26,20:17:00,2024-03-28,15:34:00,7.102,NA,-31.7,6.966,25,12.5,NA,81.3,12.5,NA,NA,NA,NA,1906.685,0.601040764,1970.61,7.297341982,0.002464,0.003227,0,0,,dark,first,55,276.697677,219.4340388,-0.05726363823,0.095,0.063925,0.000763,0.1,NA,0.063162,2024-03-26 20:17:00,2024-03-28 15:34:00,43.28333333,NA,0.52128,6.933888319,7.030600393,0.0118293463,0.0001576181938,-0.006523905871,8,33.35,12.45,1,0,6.982244356,0.0001875007256,4581.578035,4598.820733,4581.578035,4598.820733,4581.578035,4598.82106,0.001908114866,1.20E-05,0.002107578166,0.0019386475,0.1834484337,0.2879863686
6,mar.2024.cluster,2024-03-26,mytilus_trossulus,shell.trossulus.painted,C,33.34,0,0.325,0,0,443.59,463.88,1002.38,538.5,0,penn cove,0,NA,NA,NA,20.29,69.1,black,7.036,NA,-27.8,6.91,25,12.6,NA,102.4,12.6,NA,NA,NA,NA,2024-03-26,20:10:00,2024-03-28,15:29:00,7.259,NA,-40.9,7.161,25,12.4,NA,97.1,12.3,NA,NA,NA,NA,1915.95,1.781909089,2059.065,0.7424621202,0.001673,0.003192,0,0,,dark,first,55,275.8199453,263.2050939,-0.01261485134,0.223,0.143115,0.001519,-0.3,NA,0.141596,2024-03-26 20:10:00,2024-03-28 15:29:00,43.31666667,NA,0.5385,6.963247341,7.189484513,0.007729132781,0.0009306929097,-0.04337800963,8,33.34,12.5,1,0,7.076365927,0.0001570886356,3847.647591,3862.104647,3847.647591,3862.104647,3847.647591,3862.104886,0.00194767455,1.57E-05,0.002120452991,0.0019875075,0.2406247843,0.3777408453
7,mar.2024.cluster,2024-03-26,mytilus_trossulus,shell.trossulus.painted,D,33.32,0,0.305,0,0,435.06,498.56,999.52,500.96,0,penn cove,0,NA,NA,NA,63.5,4.82,black,7.105,NA,-31.8,6.979,25,12.4,NA,102.4,12.3,NA,NA,NA,NA,2024-03-26,20:01:00,2024-03-28,15:24:00,7.187,NA,-36.6,7.086,25,12.4,NA,86,12.3,NA,NA,NA,NA,1928.97,14.19870417,2001.64,0.8485281374,0.0017,0.001847,0,0,,dark,first,55,277.6062664,233.1458878,-0.0444603786,0.082,0.07267,0.000147,0,NA,0.072523,2024-03-26 20:01:00,2024-03-28 15:24:00,43.38333333,NA,0.50096,7.032327394,7.115223457,0.00808499143,2.67E-05,-0.006594049037,8,33.32,12.4,1,0,7.073775425,0.0001533757457,3741.733138,3755.810097,3741.733138,3755.810097,3741.733138,3755.810314,0.001927452637,1.49E-05,0.002095678955,0.001965305,0.2277354043,0.3575710734
8,mar.2024.cluster,2024-03-26,mytilus_trossulus,shell.trossulus.painted,A,33.34,0,0.29,0,0,459.55,512.75,999.7,486.95,0,penn cove,0,NA,NA,NA,53.2,4.59,black,7.098,NA,-31.5,7.063,25,12.6,NA,102.4,12.5,NA,NA,NA,NA,2024-03-26,19:49:00,2024-03-28,15:13:00,7.194,NA,-37.2,7.186,25,12.6,NA,81.9,12.6,NA,NA,NA,NA,1943.78,8.259007204,2037.36,1.93747258,0.001933,0.002668,0,0,,dark,first,55,276.4015615,220.6020851,-0.05579947638,0.096,0.09358,0.000735,0.1,NA,0.092845,2024-03-26 19:49:00,2024-03-28 15:13:00,43.4,NA,0.48695,7.02714639,7.125585465,0.01176828377,0.0001550137946,-0.009790650175,8,33.34,12.6,1,0,7.076365927,0.0001537586652,3775.349405,3789.517066,3775.349405,3789.517066,3775.349405,3789.517287,0.001951711013,1.53E-05,0.002120763382,0.00199057,0.2346180977,0.3682203071
9,mar.2024.cluster,2024-03-26,mytilus_trossulus,shell.trossulus.painted,D,33.38,0,0.275,0,0,452.74,508.64,1052.89,544.25,0,penn cove,0,NA,NA,NA,55.9,3.64,black,7.213,NA,-38.1,7.057,25,12.8,NA,102.9,12.8,NA,NA,NA,NA,2024-03-26,19:45:00,2024-03-28,15:04:00,7.293,NA,-42.9,7.176,25,12.6,NA,102.3,12.5,NA,NA,NA,NA,1975.45,0.3818376618,1974.32,0.08485281374,0.0017,0.001785,0,0,,dark,first,55,275.9358889,276.0627632,0.0001268742969,0.08,-0.00113,8.50E-05,-0.3,NA,-0.001215,2024-03-26 19:45:00,2024-03-28 15:04:00,43.31666667,NA,0.54425,7.141128476,7.224024539,-2.85E-05,1.91E-05,0.0001365456543,8,33.38,12.7,1,0,7.182576508,0.0001185340648,2921.213678,2932.150375,2921.213678,2932.150375,2921.213678,2932.150507,0.001925753954,1.93E-05,0.002063558522,0.001974885,0.2956387615,0.463868552
11,mar.2024.cluster,2024-03-26,mytilus_californianus,shell.californianus,C,33.28,0,0.252,0,0,451.73,470.19,1039.1,568.91,0,penn cove,0,NA,NA,NA,18.46,50.3,black,7.142,NA,-34.1,7.02,25,12.6,NA,102.1,12.6,NA,NA,NA,NA,2024-03-26,18:42:00,2024-03-28,14:46:00,7.355,NA,-46.6,7.263,25,12.8,NA,98.9,12.7,NA,NA,NA,NA,1993.655,1.6475588,2129.485,4.193143212,0.001673,0.003376,0,0,,dark,first,55,275.1147295,265.9322875,-0.009182442024,0.213,0.13583,0.001703,0.1,NA,0.134127,2024-03-26 18:42:00,2024-03-28 14:46:00,44.06666667,NA,0.56891,7.072048424,7.287923588,0.006421845687,0.001191012497,-0.04690162454,8,33.28,12.7,1,0,7.179986006,0.000127056377,3126.348342,3138.061942,3126.348342,3138.061942,3126.348342,3138.062099,0.00200954951,2.06E-05,0.002157241651,0.00206157,0.3167410064,0.4970458685
12,mar.2024.cluster,2024-03-26,mytilus_trossulus,shell.trossulus.painted,A,33.37,0,0.235,0,0,443.17,496.67,1056.37,559.7,0,penn cove,0,NA,NA,NA,53.5,3.63,brown,7.176,NA,-36.1,7.041,25,12.7,NA,102.1,12.6,NA,NA,NA,NA,2024-03-26,18:35:00,2024-03-28,14:39:00,7.227,NA,-39,7.117,25,12.8,NA,88.7,12.7,NA,NA,NA,NA,2008.825,0.1909188309,2079.315,0.03535533906,0.001933,0.002026,0,0,,dark,first,55,274.9604682,238.371863,-0.03658860519,0.051,0.07049,9.30E-05,0.1,NA,0.070397,2024-03-26 18:35:00,2024-03-28 14:39:00,44.06666667,NA,0.5597,7.10658845,7.156671488,0.008686347077,2.21E-05,-0.008356328043,8,33.37,12.75,1,0,7.131629969,0.0001376851445,3397.091356,3409.809763,3397.091356,3409.809763,3397.091356,3409.80994,0.001999061731,1.78E-05,0.002154545277,0.00204407,0.2731050929,0.4284688615
13,mar.2024.cluster,2024-03-26,mytilus_trossulus,shell.trossulus.painted,B,33.35,0,0.225,0,0,453.61,507.01,1032.34,525.33,0,penn cove,0,NA,NA,NA,53.4,3.17,black,7.192,NA,-37,7.062,25,12.5,NA,102.1,12.5,NA,NA,NA,NA,2024-03-26,18:26:00,2024-03-28,14:34:00,7.292,NA,-42.7,7.181,25,12.9,NA,95.2,12.9,NA,NA,NA,NA,2013.485,1.930401513,2074.32,1.145512986,0.002464,0.003097,0,0,,dark,first,55,275.5746046,254.8008546,-0.02077375008,0.1,0.060835,0.000633,0.4,NA,0.060202,2024-03-26 18:26:00,2024-03-28 14:34:00,44.13333333,NA,0.52533,7.122131462,7.220570537,0.00463061973,0.0001411002962,-0.006709731462,8,33.35,12.7,1,0,7.171350999,0.0001261408252,3105.160528,3116.792755,3105.160528,3116.792755,3105.160528,3116.792904,0.001994507986,1.95E-05,0.00214017793,0.0020439025,0.2996689226,0.4701877645
14,mar.2024.cluster,2024-03-26,mytilus_trossulus,shell.trossulus.painted,C,33.37,0,0.205,0,0,452.78,510.18,1086.63,576.45,0,penn cove,0,NA,NA,NA,57.4,5.66,black,7.239,NA,-39.7,7.099,25,12.6,NA,102.2,12.5,NA,NA,NA,NA,2024-03-26,18:22:00,2024-03-28,14:28:00,7.261,NA,-41,7.143,25,12.3,NA,87.4,12.3,NA,NA,NA,NA,2037.815,1.251579003,2111.765,0.4596194078,0.001673,0.002262,0,0,,dark,first,55,275.8101074,236.8673058,-0.0389428016,0.022,0.07395,0.000589,-0.2,NA,0.073361,2024-03-26 18:22:00,2024-03-28 14:28:00,44.1,NA,0.57645,7.168760497,7.191211514,0.008868258702,0.0001341301643,-0.008353075535,8,33.37,12.45,1,0,7.179986006,0.000125557,3068.890023,3080.419305,3068.890023,3080.419305,3068.890023,3080.41945,0.00202463948,1.99E-05,0.002170068884,0.00207479,0.3047145926,0.4783469835
15,mar.2024.cluster,2024-03-26,mytilus_trossulus,shell.trossulus.painted,D,33.25,0,0.185,0,0,451.98,507.08,1066.15,559.07,0,penn cove,0,NA,NA,NA,55.1,4.02,brown,7.324,NA,-44.7,7.22,25,12.4,NA,102.3,12.3,NA,NA,NA,NA,2024-03-26,18:13:00,2024-03-28,14:21:00,7.322,NA,-44.6,7.229,25,12.6,NA,89.3,12.5,NA,NA,NA,NA,2064.77,1.315218613,2110.385,1.039446968,0.0017,0.004181,0,0,,dark,first,55,277.4564413,241.1769265,-0.0362795147,-0.002,0.045615,0.002481,0.2,NA,0.043134,2024-03-26 18:13:00,2024-03-28 14:21:00,44.13333333,NA,0.55907,7.255110563,7.253383562,0.008340831125,0.0005703935731,-0.004958354772,8,33.25,12.5,1,0,7.254247062,0.000106003229,2593.315204,2603.046523,2593.315204,2603.046523,2593.315204,2603.046627,0.002028133971,2.36E-05,0.002157722213,0.0020875775,0.3618656177,0.5681421789
16,mar.2024.cluster,2024-03-26,mytilus_trossulus,shell.trossulus.painted,A,33.41,0,0.17,0,0,454.5,517.8,1061.73,543.93,0,penn cove,0,NA,NA,NA,63.3,5.94,black,7.309,NA,-43.9,7.197,25,12.7,NA,102.3,12.7,NA,NA,NA,NA,2024-03-26,18:07:00,2024-03-28,14:16:00,7.33,NA,-45.1,7.238,25,12.5,NA,87.2,12.5,NA,NA,NA,NA,2074.89,0.862670273,2115.93,19.85555842,0.001933,0.002714,0,0,,dark,first,55,274.8519508,235.2704742,-0.03958147661,0.021,0.04104,0.000781,-0.2,NA,0.040259,2024-03-26 18:07:00,2024-03-28 14:16:00,44.15,NA,0.54393,7.241294552,7.262018568,0.007703721719,0.0001520056142,-0.003917793868,8,33.41,12.6,1,0,7.25165656,0.0001066216431,2619.105899,2628.921643,2619.105899,2628.921643,2619.105899,2628.921748,0.002035643102,2.37E-05,0.002165986577,0.00209541,0.3638052468,0.5708939735
17,mar.2024.cluster,2024-03-26,mytilus_trossulus,shell.trossulus.painted,B,33.29,0,0.16,0,0,453.77,511.37,984.47,473.1,0,penn cove,0,NA,NA,NA,57.6,4.82,black,7.343,NA,-45.8,7.24,25,12.5,NA,102.5,12.5,NA,NA,NA,NA,2024-03-26,17:56:00,2024-03-28,14:09:00,7.343,NA,-45.8,7.218,25,12.8,NA,88.4,12.8,NA,NA,NA,NA,2070.985,17.93929904,2124.025,1.902117241,0.002464,0.002107,0,0,,dark,first,55,276.7577711,237.1855948,-0.03957217624,0,0.05304,-0.000357,0.3,NA,0.053397,2024-03-26 17:56:00,2024-03-28 14:09:00,44.21666667,NA,0.4731,7.274107577,7.274107577,0.007350796496,-6.63E-05,-0.004959425002,8,33.29,12.65,1,0,7.274107577,0.0001011810694,2487.715391,2497.031346,2487.715391,2497.031346,2487.715391,2497.031441,0.002034711055,2.49E-05,0.00216083096,0.002097505,0.3827082882,0.6006393875
18,mar.2024.cluster,2024-03-26,mytilus_trossulus,shell.trossulus.painted,C,33.28,0,0.15,0,0,441.54,499.84,1019.53,519.69,0,penn cove,0,NA,NA,NA,58.3,4.73,black,7.373,NA,-47.5,7.258,25,12.5,NA,102.1,12.5,NA,NA,NA,NA,2024-03-26,17:53:00,2024-03-28,14:05:00,7.442,NA,-51.6,7.346,25,12.7,NA,92.9,12.6,NA,NA,NA,NA,2050.47,60.34449271,2080.155,56.80188773,0.001673,0.004178,0,0,,dark,first,55,275.6949339,250.3247637,-0.02537017019,0.069,0.029685,0.002505,0.1,NA,0.02718,2024-03-26 17:53:00,2024-03-28 14:05:00,44.2,NA,0.51969,7.3034666,7.374273653,0.005116546395,0.0005051975854,-0.002740772529,8,33.28,12.6,1,0,7.338870126,8.58E-05,2105.122608,2113.00867,2105.122608,2113.00867,2105.122608,2113.008739,0.001993527235,2.84E-05,0.002107725872,0.0020653125,0.4359915422,0.6843373115
19,mar.2024.cluster,2024-03-26,mytilus_trossulus,shell.trossulus.painted,D,33.37,0,0.13,0,0,443.57,501.67,1012.73,511.06,0,penn cove,0,NA,NA,NA,58.1,3.41,black,7.476,NA,-53.6,7.373,25,12.4,NA,102.3,12.4,NA,NA,NA,NA,2024-03-26,17:47:00,2024-03-28,12:21:00,7.391,NA,-48.7,7.276,25,12.8,NA,86.5,12.7,NA,NA,NA,NA,2116.31,0.6081118318,2146.245,3.358757211,0.0017,0.002251,0,0,,dark,first,55,276.6631416,232.4595958,-0.04420354578,-0.085,0.029935,0.000551,0.3,NA,0.029384,2024-03-26 17:47:00,2024-03-28 12:21:00,42.56666667,NA,0.51106,7.408813679,7.324190615,0.009134467256,0.0001138617133,-0.003036036828,8,33.37,12.6,1,0,7.366502147,8.30E-05,2039.627759,2047.265158,2039.627759,2047.265158,2039.627759,2047.265223,0.002052859832,3.12E-05,0.002167077394,0.0021312775,0.478841155,0.7514906033
21,mar.2024.cluster,2024-03-26,mytilus_californianus,shell.californianus,D,33.32,0,0.105,0,0,452.93,459.27,1040.58,581.31,0,penn cove,0,NA,NA,NA,6.34,47.8,black,7.559,NA,-58.5,7.466,25,12.5,NA,102.7,12.5,NA,NA,NA,NA,2024-03-26,17:33:00,2024-03-28,12:07:00,7.55,NA,-58,7.467,25,13,NA,100.3,13,NA,NA,NA,NA,2143.635,0.8131727984,2163.55,21.6374675,0.0017,0.00222,0,0,,dark,first,55,277.2459103,267.9399487,-0.009305961537,-0.009,0.019915,0.00052,0.5,NA,0.019395,2024-03-26 17:33:00,2024-03-28 12:07:00,42.56666667,NA,0.58131,7.493436744,7.484801737,0.0200451886,0.001120088239,-0.02088856865,8,33.32,12.75,1,0,7.48911924,6.20E-05,1528.694997,1534.40616,1528.694997,1534.40616,1528.694997,1534.406196,0.002049843225,4.14E-05,0.002153215837,0.0021535925,0.635476671,0.9970905104
22,mar.2024.cluster,2024-03-26,mytilus_trossulus,shell.trossulus.painted,A,33.3,0,0.09,0,0,453.94,504.54,1011.11,506.57,0,penn cove,0,NA,NA,NA,50.6,3.57,black,7.492,NA,-54.6,7.395,25,12.5,NA,101.9,12.5,NA,NA,NA,NA,2024-03-26,17:24:00,2024-03-28,11:58:00,7.451,NA,-52.1,7.346,25,12.6,NA,93.3,12.6,NA,NA,NA,NA,2146.075,3.825447686,2176.97,0.975807358,0.001933,0.003434,0,0,,dark,first,55,275.1205672,251.3712558,-0.02374931147,-0.041,0.030895,0.001501,0.1,NA,0.029394,2024-03-26 17:24:00,2024-03-28 11:58:00,42.56666667,NA,0.50657,7.426083693,7.38290866,0.005585606416,0.0003530205599,-0.003456591051,8,33.3,12.55,1,0,7.404496176,7.68E-05,1881.473461,1888.523496,1881.473461,1888.523496,1881.473461,1888.52355,0.002075759175,3.42E-05,0.002186764751,0.0021615225,0.525402587,0.8247414447
23,mar.2024.cluster,2024-03-26,mytilus_trossulus,shell.trossulus.painted,B,33.33,0,0.08,0,0,444.12,502.92,1036.65,533.73,0,penn cove,0,NA,NA,NA,58.8,4.16,black,7.568,NA,-59.1,7.471,25,12.7,NA,102.9,12.7,NA,NA,NA,NA,2024-03-26,17:17:00,2024-03-28,11:53:00,7.398,NA,-49,7.295,25,12.7,NA,83.2,12.5,NA,NA,NA,NA,2168.3,0.05656854249,2191.745,1.986970055,0.002464,0.002066,0,0,,dark,first,55,276.6017519,224.5902748,-0.0520114771,-0.17,0.023445,-0.000398,-0.2,NA,0.023843,2024-03-26 17:17:00,2024-03-28 11:53:00,42.6,NA,0.53373,7.503798751,7.329371619,0.01108240142,-8.48E-05,-0.002540186434,8,33.33,12.7,1,0,7.416585185,7.64E-05,1882.76903,1889.811218,1882.76903,1889.811218,1882.76903,1889.811274,0.00208933783,3.63E-05,0.002202053883,0.0021800225,0.5566260359,0.8734422248
24,mar.2024.cluster,2024-03-26,mytilus_trossulus,shell.trossulus.painted,A,33.32,0,0.067,0,0,443.24,493.64,1016.14,522.5,0,penn cove,0,NA,NA,NA,50.4,4.35,black,7.582,NA,-59.9,7.488,25,12.5,NA,102,12.5,NA,NA,NA,NA,2024-03-26,17:12:00,2024-03-28,11:47:00,7.413,NA,-49.9,7.303,25,12.7,NA,82.2,12.7,NA,NA,NA,NA,2187.065,34.44317131,2181.64,0.5091168825,0.001933,NA,0,0,,dark,first,55,275.3562108,220.9725943,-0.05438361653,-0.169,-0.005425,NA,0.2,NA,NA,2024-03-26 17:12:00,2024-03-28 11:47:00,42.58333333,NA,0.5225,7.517614762,7.344914631,0.01323988428,NA,NA,8,33.32,12.6,1,0,7.431264696,7.40E-05,1817.428334,1824.232532,1817.428334,1824.232532,1817.428334,1824.232585,0.002090891145,3.74E-05,0.002202273646,0.0021843525,0.573813485,0.900637985
25,mar.2024.cluster,2024-03-26,mytilus_trossulus,shell.trossulus.painted,B,33.3,0,0.057,0,0,443.59,493.49,1041.34,547.85,0,penn cove,0,NA,NA,NA,49.9,2.92,black,7.64,NA,-63.3,7.559,25,12.6,NA,102.6,12.6,NA,NA,NA,NA,2024-03-26,17:04:00,2024-03-28,11:41:00,7.522,NA,-56.3,7.423,25,12.8,NA,90.4,12.7,NA,NA,NA,NA,2192.005,0.02121320344,2202.905,0.148492424,0.002464,0.002659,0,0,,dark,first,55,276.4275546,243.0463581,-0.03338119651,-0.118,0.0109,0.000195,0.1,NA,0.010705,2024-03-26 17:04:00,2024-03-28 11:41:00,42.61666667,NA,0.54785,7.576332807,7.455442715,0.008599704771,5.02E-05,-0.001378917612,8,33.3,12.7,1,0,7.515887761,6.00E-05,1477.651642,1483.174746,1477.651642,1483.174746,1477.651642,1483.17478,0.002085049983,4.50E-05,0.002190065697,0.002197455,0.6911933943,1.084694554
26,mar.2024.cluster,2024-03-26,mytilus_trossulus,shell.trossulus.painted,C,33.31,0,0.038,0,0,453.37,504.97,1034.46,529.49,0,penn cove,0,NA,NA,NA,51.6,3.15,brown,7.688,NA,-66.1,7.595,25,12.5,NA,102.4,12.5,NA,NA,NA,NA,2024-03-26,16:55:00,2024-03-28,11:33:00,7.518,NA,-56.1,7.417,25,13,NA,90,13,NA,NA,NA,NA,2210.515,0.2757716447,2231.475,1.74655375,0.001673,0.003222,0,0,,dark,first,55,276.4532795,240.4396198,-0.03601365971,-0.17,0.02096,0.001549,0.5,NA,0.019411,2024-03-26 16:55:00,2024-03-28 11:33:00,42.63333333,NA,0.52949,7.624688843,7.451988712,0.008668142208,0.0003728294316,-0.00233602069,8,33.31,12.75,1,0,7.538338778,5.79E-05,1431.198865,1436.542227,1431.198865,1436.542227,1431.198865,1436.542259,0.002100857777,4.82E-05,0.002207021096,0.002220995,0.7402414448,1.161595292
27,mar.2024.cluster,2024-03-26,mytilus_trossulus,shell.trossulus.painted,D,33.33,0,0.034,0,0,443.17,498.47,1037.04,538.57,0,penn cove,0,NA,NA,NA,55.3,3.72,black,7.781,NA,-71.5,7.703,25,12.5,NA,102.8,12.4,NA,NA,NA,NA,2024-03-26,16:49:00,2024-03-28,11:25:00,7.562,NA,-58.7,7.494,25,13,NA,87.7,12.9,NA,NA,NA,NA,2217.975,0.8697413409,2235.34,0.8768124087,0.0017,0.002175,0,0,,dark,first,55,278.084769,234.7564518,-0.04332831726,-0.219,0.017365,0.000475,0.5,NA,0.01689,2024-03-26 16:49:00,2024-03-28 11:25:00,42.6,NA,0.53857,7.717946914,7.496890746,0.009905564962,0.0001085928015,-0.001930665703,8,33.33,12.75,1,0,7.60741883,4.97E-05,1229.215846,1233.80338,1229.215846,1233.80338,1229.215846,1233.803405,0.002085422377,5.67E-05,0.002191877263,0.0022266575,0.8705105781,1.365991829
28,mar.2024.cluster,2024-03-26,mytilus_trossulus,shell.trossulus.painted,C,33.29,0,0.0288,0,0,449.57,510.27,1035.35,525.08,0,penn cove,0,NA,NA,NA,60.7,5.04,black,7.727,NA,-68.4,7.641,25,12.6,NA,102.6,12.5,NA,NA,NA,NA,2024-03-26,16:43:00,2024-03-28,11:20:00,7.48,NA,-52.8,7.352,25,13.1,NA,78.9,13.1,NA,NA,NA,NA,2202.765,32.81682571,2247.405,2.057680733,0.001673,0.004978,0,0,,dark,first,55,277.0277787,210.3718514,-0.06665592721,-0.247,0.04464,0.003305,0.6,NA,0.041335,2024-03-26 16:43:00,2024-03-28 11:20:00,42.61666667,NA,0.52508,7.664409873,7.394997669,0.01352994658,0.000670855171,-0.004195128365,8,33.29,12.85,1,0,7.529703771,6.10E-05,1512.169731,1517.807196,1512.169731,1517.807196,1512.169731,1517.807235,0.002104138327,4.86E-05,0.002213674012,0.002225085,0.7455788046,1.169845016
29,mar.2024.cluster,2024-03-26,mytilus_trossulus,shell.trossulus.painted,B,33.55,0,0.024,0,0,442.97,494.97,1024.97,530,0,penn cove,0,NA,NA,NA,52,2.75,black,7.767,NA,-70.7,7.683,25,12.6,NA,102.8,12.5,NA,NA,NA,NA,2024-03-26,16:35:00,2024-03-28,11:11:00,7.571,NA,-59.2,7.471,25,13.1,NA,89.9,13.2,NA,NA,NA,NA,2226.355,6.286179285,2218.545,20.03233511,0.002464,0.001835,0,0,,dark,first,55,277.118087,238.816555,-0.03830153206,-0.196,-0.00781,-0.000629,0.7,NA,-0.007181,2024-03-26 16:35:00,2024-03-28 11:11:00,42.6,NA,0.53,7.704130903,7.505525753,0.009163873235,-0.0001504920549,0.0008590488443,8,33.55,12.85,1,0,7.604828328,4.93E-05,1224.04939,1228.612116,1224.04939,1228.612116,1224.04939,1228.61214,0.002081466242,5.66E-05,0.002187360063,0.00222245,0.8676646233,1.36064387
31,mar.2024.cluster,2024-03-26,mytilus_californianus,shell.californianus,A,33.36,0,0.026,0,0,458.26,467.52,1055.54,588.02,0,penn cove,0,NA,NA,NA,9.26,58.6,black,7.71,NA,-67.4,7.637,25,12.6,NA,102.2,12.6,NA,NA,NA,NA,2024-03-26,15:37:00,2024-03-28,10:51:00,7.668,NA,-64.9,6.59,25,12.4,NA,98.3,12.3,NA,NA,NA,NA,2230.01,1.216223664,2257.165,0.6576093065,0.001933,0.002771,0,0,,dark,first,55,275.2469259,266.4246045,-0.008822321457,-0.042,0.027155,0.000838,-0.3,NA,0.026317,2024-03-26 15:37:00,2024-03-28 10:51:00,43.23333333,NA,0.58802,7.64713986,7.603964827,0.01295821758,0.001230853623,-0.0193271926,8,33.36,12.5,1,0,7.625552344,4.67E-05,1143.625335,1147.91036,1143.625335,1147.91036,1143.625335,1147.91038,0.002100278228,5.76E-05,0.002204636278,0.0022435875,0.883831196,1.387324178
32,mar.2024.cluster,2024-03-26,mytilus_trossulus,shell.trossulus.painted,A,33.31,0,0.015,0,0,444.41,497.91,1028.75,530.84,0,penn cove,0,NA,NA,NA,53.5,3.56,black,7.739,NA,-69.1,7.669,25,12.6,NA,102.5,12.6,NA,NA,NA,NA,2024-03-26,15:25:00,2024-03-28,10:44:00,7.546,NA,-57.7,7.446,25,12.3,NA,82.1,12.3,NA,NA,NA,NA,2227.22,17.79080661,2270.15,1.329360749,0.001933,0.004899,0,0,,dark,first,55,276.1409226,222.5868943,-0.05355402828,-0.193,0.04293,0.002966,-0.3,NA,0.039964,2024-03-26 15:25:00,2024-03-28 10:44:00,43.31666667,NA,0.53084,7.676498882,7.479620733,0.01226724313,0.0006794006782,-0.004577135655,8,33.31,12.45,1,0,7.578059808,5.42E-05,1323.059667,1328.023543,1323.059667,1328.023543,1323.059667,1328.023571,0.002116958724,5.30E-05,0.002224159442,0.002248685,0.8127449466,1.275930072
33,mar.2024.cluster,2024-03-26,mytilus_trossulus,shell.trossulus.painted,B,33.26,0,0.005,0,0,443.3,493.8,992,498.2,0,penn cove,0,NA,NA,NA,50.5,3.48,black,7.804,NA,-72.9,7.731,25,12.6,NA,102.8,12.6,NA,NA,NA,NA,2024-03-26,15:20:00,2024-03-28,10:36:00,7.626,NA,-62.4,7.537,25,12.3,NA,89.6,12.3,NA,NA,NA,NA,2246.395,0.261629509,2264.545,0.2050609665,0.002464,0.002417,0,0,,dark,first,55,277.0354497,242.9965252,-0.03403892449,-0.178,0.01815,-4.70E-05,-0.3,NA,0.018197,2024-03-26 15:20:00,2024-03-28 10:36:00,43.26666667,NA,0.4982,7.742124932,7.560789795,0.007761304756,-1.07E-05,-0.00207457293,8,33.26,12.45,1,0,7.651457363,4.52E-05,1103.611365,1107.750638,1103.611365,1107.750638,1103.611365,1107.750658,0.002101382756,6.20E-05,0.002208659961,0.00225547,0.9519074621,1.494561645
34,mar.2024.cluster,2024-03-26,mytilus_trossulus,shell.trossulus.painted,C,33.23,0,0,0,0,443.91,500.41,1102.12,601.71,0,penn cove,0,NA,NA,NA,56.5,2.91,black,7.779,NA,-71.4,7.696,25,12.6,NA,102.6,12.6,NA,NA,NA,NA,2024-03-26,15:11:00,2024-03-28,10:31:00,7.633,NA,-63.4,7.554,25,12.2,NA,83.8,12.1,NA,NA,NA,NA,2235.28,13.12390186,2258.2,20.13840113,0.001673,0.004384,0,0,,dark,first,55,276.5481682,228.2753072,-0.04827286102,-0.146,0.02292,0.002711,-0.5,NA,0.020209,2024-03-26 15:11:00,2024-03-28 10:31:00,43.33333333,NA,0.60171,7.716219913,7.578059808,0.01186368817,0.0006662637754,-0.002483313286,8,33.23,12.4,1,0,7.64713986,4.52E-05,1100.125168,1104.253968,1100.125168,1104.253968,1100.125168,1104.253988,0.002096031083,6.06E-05,0.002201841307,0.00224674,0.9303547934,1.46095076
35,mar.2024.cluster,2024-03-26,mytilus_trossulus,shell.trossulus.painted,D,33.29,0,0,0.0605,0,447.35,504.75,1033.66,528.91,0,penn cove,0,NA,NA,NA,57.4,3.8,black,7.951,NA,-81.4,7.881,25,12.5,NA,102.8,12.4,NA,NA,NA,NA,2024-03-26,14:57:00,2024-03-28,10:26:00,7.724,NA,-68.2,7.643,25,12.4,NA,87.5,12.4,NA,NA,NA,NA,2282.025,0.9828784258,2280.715,14.34719659,0.0017,0.002395,0,0,,dark,first,55,278.154199,236.7557628,-0.04139843624,-0.227,-0.00131,0.000695,0,NA,-0.002005,2024-03-26 14:57:00,2024-03-28 10:26:00,43.48333333,NA,0.52891,7.888920044,7.660955871,0.008772653857,0.0001472759598,0.0002124376255,8,33.29,12.45,1,0,7.774937957,3.41E-05,832.9917099,836.1142971,832.9917099,836.1142971,832.9917099,836.1143087,0.002077336274,8.24E-05,0.002193809184,0.00228137,1.263353077,1.983497531
36,mar.2024.cluster,2024-03-26,mytilus_trossulus,shell.trossulus.painted,A,33.26,0,0,0.04,0,443.77,503.07,1032.61,529.54,0,penn cove,0,NA,NA,NA,59.3,4.63,brown,7.902,NA,-78.6,7.837,25,12.6,NA,102.6,12.6,NA,NA,NA,NA,2024-03-26,14:48:00,2024-03-28,10:23:00,7.705,NA,-67,7.611,25,12.3,NA,86,12.2,NA,NA,NA,NA,2272.025,15.32300395,2319.45,0.3535533906,0.001933,0.003711,0,0,,dark,first,55,276.4964702,233.7278006,-0.04276866958,-0.197,0.047425,0.001778,-0.4,NA,0.045647,2024-03-26 14:48:00,2024-03-28 10:23:00,43.58333333,NA,0.52954,7.840564007,7.640231855,0.008762930669,0.0003642968295,-0.004676337845,8,33.26,12.45,1,0,7.740397931,3.72E-05,908.2830823,911.6892352,908.2830823,911.6892352,908.2830823,911.6892487,0.002106448322,7.65E-05,0.002220152683,0.0022957375,1.173243946,1.842070018
37,mar.2024.cluster,2024-03-26,mytilus_trossulus,shell.trossulus.painted,B,33.25,0,0,0.08,0,447.24,510.84,1017.34,506.5,0,penn cove,0,NA,NA,NA,63.6,4.45,black,8.038,NA,-86.6,7.974,25,12.7,NA,102.6,12.7,NA,NA,NA,NA,2024-03-26,14:41:00,2024-03-28,10:16:00,7.814,NA,-73.4,7.731,25,12.4,NA,85.5,12.4,NA,NA,NA,NA,2345.435,0.007071067812,2349.275,18.47670019,0.002464,0.004563,0,0,,dark,first,55,275.9327658,231.4019627,-0.04453080307,-0.224,0.00384,0.002099,-0.3,NA,0.001741,2024-03-26 14:41:00,2024-03-28 10:16:00,43.58333333,NA,0.5065,7.978724112,7.750759939,0.008136964449,0.0003835432375,-0.0001590635485,8,33.25,12.55,1,0,7.864742025,2.80E-05,684.743414,687.3074764,684.743414,687.3074764,684.743414,687.3074841,0.00209523775,0.000102381077,0.002225602796,0.002347355,1.571139719,2.466344594
38,mar.2024.cluster,2024-03-26,mytilus_trossulus,shell.trossulus.painted,C,33.3,0,0,0.13,0,393.19,441.49,964.25,522.76,0,penn cove,0,NA,NA,NA,48.3,3.07,black,8.116,NA,-91.2,8.084,25,12.7,NA,102.7,12.7,NA,NA,NA,NA,2024-03-26,14:30:00,2024-03-28,9:56:00,7.976,NA,-83,8.082,25,12.8,NA,87.4,12.8,NA,NA,NA,NA,2404.815,0.6858935778,2356.5,60.33035057,0.001673,0.003262,0,0,,dark,first,55,276.1157187,234.4879076,-0.04162781113,-0.14,-0.048315,0.001589,0.1,NA,-0.049904,2024-03-26 14:30:00,2024-03-28 9:56:00,43.43333333,NA,0.52276,8.058166172,7.916552065,0.01037326883,0.0003959642297,0.006217809603,8,33.3,12.75,1,0,7.987359118,2.00E-05,494.2710963,496.1154946,494.2710963,496.1154946,494.2710963,496.1154985,0.00205616095,0.0001322069435,0.002208402028,0.0023806575,2.02916541,3.184042151
39,mar.2024.cluster,2024-03-26,mytilus_trossulus,shell.trossulus.painted,D,33.1,0,0,0.16,0,397.15,440.25,972.24,531.99,0,penn cove,0,NA,NA,NA,43.1,2.34,black,8.238,NA,-99,8.189,25,12.4,NA,102.3,12.4,NA,NA,NA,NA,2024-03-26,14:19:00,2024-03-28,9:45:00,8.095,NA,-89.9,8.03,25,12.7,NA,98.5,12.3,NA,NA,NA,NA,2418.285,1.096015511,2421.945,0.7707463915,0.0017,0.001689,0,0,,dark,first,55,277.129733,267.4005345,-0.009729198476,-0.143,0.00366,-1.10E-05,-0.1,NA,0.003671,2024-03-26 14:19:00,2024-03-28 9:45:00,43.43333333,NA,0.53199,8.192872274,8.035715155,0.00276490428,-3.13E-06,-0.0005216238335,8,33.1,12.55,1,0,8.114293715,1.48E-05,361.8120076,363.165012,361.8120076,363.165012,361.8120076,363.1650141,0.002003850528,0.0001702302724,0.002188845314,0.002420115,2.613592926,4.10451232
41,mar.2024.cluster,2024-03-26,mytilus_trossulus,shell.trossulus.painted,B,33.25,0,0,0.205,0,396.88,457.08,998.53,541.45,0,penn cove,0,NA,NA,NA,60.2,4.8,black,8.28,NA,-100.8,8.236,25,12.4,NA,102.3,12.4,NA,NA,NA,NA,2024-03-26,14:00:00,2024-03-28,8:46:00,8.121,NA,-91.4,8.048,25,12.4,NA,87.4,12.4,NA,NA,NA,NA,2482.21,0.01414213562,2432.21,32.59762261,0.002464,0.001864,0,0,,dark,first,55,276.8704185,236.5442285,-0.04032618999,-0.159,-0.05,-6.00E-04,0,NA,-0.0494,2024-03-26 14:00:00,2024-03-28 8:46:00,42.76666667,NA,0.54145,8.223958298,8.061620175,0.008480933483,-0.0001261849952,0.005194615636,8,33.25,12.4,1,0,8.142789236,1.39E-05,339.5017921,340.7742954,339.5017921,340.7742954,339.5017921,340.7742972,0.002011700033,0.0001826563626,0.002208278299,0.00245721,2.801855654,4.399875961
42,mar.2024.cluster,2024-03-26,mytilus_trossulus,shell.trossulus.painted,C,33.22,0,0,0.23,0,394.25,450.75,988.38,537.63,0,penn cove,0,NA,NA,NA,56.5,3.27,black,8.304,NA,-102.2,8.258,25,12.6,NA,102.7,12.6,NA,NA,NA,NA,2024-03-26,13:54:00,2024-03-28,8:38:00,8.138,NA,-92.4,8.087,25,12.1,NA,86.2,12.1,NA,NA,NA,NA,2483.805,26.60842818,2500.745,14.54518649,0.001673,0.003133,0,0,,dark,first,55,276.83496,234.8277121,-0.04200724786,-0.166,0.01694,0.00146,-0.5,NA,0.01548,2024-03-26 13:54:00,2024-03-28 8:38:00,42.73333333,NA,0.53763,8.248136316,8.078890188,0.009353895323,0.000325103116,-0.001723491861,8,33.22,12.35,1,0,8.163513252,1.35E-05,327.2495023,328.4777763,327.2495023,328.4777763,327.2495023,328.477778,0.00202468925,0.0001921684407,0.002230326035,0.002492275,2.948078146,4.629856837
43,mar.2024.cluster,2024-03-26,mytilus_trossulus,shell.trossulus.painted,D,33.27,0,0,0.255,0,395.25,453.65,1029.32,575.67,0,penn cove,0,NA,NA,NA,58.4,3.96,brown,8.4,NA,-107.8,8.357,25,12.4,NA,103.3,12.4,NA,NA,NA,NA,2024-03-26,13:43:00,2024-03-28,8:34:00,8.282,NA,-100.8,8.211,25,12.3,NA,85,12.2,NA,NA,NA,NA,2475.925,44.39923479,2535.945,2.722361108,0.0017,0.005025,0,0,,dark,first,55,279.5419795,230.9955975,-0.04854638193,-0.118,0.06002,0.003325,-0.2,NA,0.056695,2024-03-26 13:43:00,2024-03-28 8:34:00,42.85,NA,0.57567,8.344848389,8.223958298,0.01116777852,0.0007648945629,-0.00652115748,8,33.27,12.35,1,0,8.284403344,9.57E-06,232.9060289,233.7795506,232.9060289,233.7795506,232.9060289,233.7795515,0.00192407932,0.0002394084125,0.00217305535,0.002505935,3.671732696,5.766142391
44,mar.2024.cluster,2024-03-26,mytilus_trossulus,shell.trossulus.painted,A,33.31,0,0,0.278,0,402.93,452.63,989.2,536.57,0,penn cove,0,NA,NA,NA,49.7,2.72,black,8.368,NA,-106,8.327,25,12.6,NA,102.3,12.6,NA,NA,NA,NA,2024-03-26,13:32:00,2024-03-28,8:31:00,8.29,NA,-101.4,8.244,25,12.3,NA,92,12.3,NA,NA,NA,NA,2555.78,0.5656854249,2561.195,0.148492424,0.001933,0.00408,0,0,,dark,first,55,275.602111,249.4274577,-0.02617465335,-0.078,0.005415,0.002147,-0.3,NA,0.003268,2024-03-26 13:32:00,2024-03-28 8:31:00,42.98333333,NA,0.53657,8.313762366,8.234320306,0.006574320095,0.0005392646488,-0.0004104138035,8,33.31,12.45,1,0,8.274041336,9.94E-06,242.6752226,243.5843134,242.6752226,243.5843134,242.6752226,243.5843143,0.001975325816,0.0002408873607,0.002226150884,0.0025584875,3.694707164,5.80055086
45,mar.2024.cluster,2024-03-26,mytilus_trossulus,shell.trossulus.painted,B,33.21,0,0,0.3,0,393.77,438.77,983.35,544.58,0,penn cove,0,NA,NA,NA,45,2.49,black,8.393,NA,-107.4,8.359,25,12.6,NA,102.3,12.6,NA,NA,NA,NA,2024-03-26,12:20:00,2024-03-28,8:21:00,8.208,NA,-96.5,8.159,25,12.3,NA,87.6,12.3,NA,NA,NA,NA,2557.59,3.606244584,2565.425,0.4313351365,0.002464,0.002639,0,0,,dark,first,55,275.7739178,237.646696,-0.03812722175,-0.185,0.007835,0.000175,-0.3,NA,0.00766,2024-03-26 12:20:00,2024-03-28 8:21:00,44.01666667,NA,0.54458,8.337940384,8.149697241,0.01048255581,4.81E-05,-0.001053005882,8,33.21,12.45,1,0,8.243818813,1.11E-05,271.4596874,272.4769436,271.4596874,272.4769436,271.4596874,272.4769448,0.002004811236,0.0002300681385,0.002246009861,0.0025615075,3.53031337,5.543453275
46,mar.2024.cluster,2024-03-26,mytilus_trossulus,shell.trossulus.painted,C,33.29,0,0,0.323,0,395.22,449.62,993.28,543.66,0,penn cove,0,NA,NA,NA,54.4,3.09,black,8.451,NA,-110.8,8.403,25,12.6,NA,102.1,12.6,NA,NA,NA,NA,2024-03-26,12:13:00,2024-03-28,8:16:00,8.29,NA,-101.3,8.229,25,12.4,NA,88,12.3,NA,NA,NA,NA,2601.59,14.48154688,2609.745,2.991061684,0.001673,0.004045,0,0,,dark,first,55,275.0975851,238.6125892,-0.0364849959,-0.161,0.008155,0.002372,-0.3,NA,0.005783,2024-03-26 12:13:00,2024-03-28 8:16:00,44.05,NA,0.54366,8.396658429,8.232593304,0.008277455796,0.0005381424518,-0.0006560029086,8,33.29,12.5,1,0,8.314625867,9.18E-06,224.5759261,225.4167325,224.5759261,225.4167325,224.5759261,225.4167334,0.001965632657,0.000265342083,0.002240159482,0.0026056675,4.070610118,6.390315331
47,mar.2024.cluster,2024-03-26,mytilus_trossulus,shell.trossulus.painted,D,33.3,0,0,0.343,0,395.76,447.76,964.36,516.6,0,penn cove,0,NA,NA,NA,52,2.95,brown,8.491,NA,-113.2,8.462,25,12.5,NA,102.4,12.5,NA,NA,NA,NA,2024-03-26,12:05:00,2024-03-28,8:12:00,8.312,NA,-102.5,8.258,25,12.2,NA,84.6,12.2,NA,NA,NA,NA,2622.86,1.555634919,2618.85,2.998132752,0.0017,0.003985,0,0,,dark,first,55,276.4705209,229.8654547,-0.04660506621,-0.179,-0.00401,0.002285,-0.3,NA,-0.006295,2024-03-26 12:05:00,2024-03-28 8:12:00,44.11666667,NA,0.5166,8.43810646,8.25331732,0.01049497713,0.0005145582808,0.0007087843277,8,33.3,12.35,1,0,8.34571189,8.55E-06,207.972286,208.7525799,207.972286,208.7525799,207.972286,208.7525806,0.001943755558,0.0002810161396,0.002233321872,0.002620855,4.309530248,6.767069582
48,mar.2024.cluster,2024-03-26,mytilus_trossulus,shell.trossulus.painted,A,33.28,0,0,0.365,0,397.43,450.13,997.9,547.77,0,penn cove,0,NA,NA,NA,52.7,2.97,black,8.484,NA,-112.9,8.461,25,12.6,NA,102.4,12.6,NA,NA,NA,NA,2024-03-26,11:54:00,2024-03-28,8:06:00,8.315,NA,-102.7,8.248,25,12.4,NA,83.3,12.3,NA,NA,NA,NA,2652.745,5.423509012,2658.835,7.233702372,0.001933,0.005049,0,0,,dark,first,55,275.923098,225.8826149,-0.05004048301,-0.169,0.00609,0.003116,-0.3,NA,0.002974,2024-03-26 11:54:00,2024-03-28 8:06:00,44.2,NA,0.54777,8.432925456,8.256771323,0.01176757166,0.000732761778,-0.0003496844557,8,33.28,12.5,1,0,8.344848389,8.63E-06,210.8857201,211.6752785,210.8857201,211.6752785,210.8857201,211.6752792,0.0019700541,0.0002853089106,0.002263988837,0.00265579,4.377107751,6.87160693
49,mar.2024.cluster,2024-03-26,mytilus_trossulus,shell.trossulus.painted,D,33.25,0,0,0.39,0,396.97,449.57,997.87,548.3,0,penn cove,0,NA,NA,NA,52.6,2.86,black,8.53,NA,-115.5,8.516,25,12.5,NA,102.3,12.5,NA,NA,NA,NA,2024-03-26,11:35:00,2024-03-28,8:01:00,8.417,NA,-108.8,8.372,25,12.3,NA,88,12.3,NA,NA,NA,NA,2671.155,3.033488091,2669.02,2.291025971,0.0017,0.003389,0,0,,dark,first,55,276.2866695,238.6722075,-0.03761446197,-0.113,-0.002135,0.001689,-0.2,NA,-0.003824,2024-03-26 11:35:00,2024-03-28 8:01:00,44.43333333,NA,0.5483,8.47782749,8.362118403,0.00882426336,0.0003962353849,0.0004485506548,8,33.25,12.4,1,0,8.419972946,6.88E-06,167.6497644,168.2781536,167.6497644,168.2781536,167.6497644,168.2781541,0.001895222128,0.0003228296499,0.002224930332,0.0026700875,4.952156902,7.776438035
51,mar.2024.cluster,2024-03-26,mytilus_californianus,shell.californianus,C,33.31,0,0,0.452,0,402.09,419.83,975.49,555.66,0,penn cove,0,NA,NA,NA,17.74,69.7,black,8.55,NA,-116.7,8.542,25,12.5,NA,102.4,12.5,NA,NA,NA,NA,2024-03-26,11:17:00,2024-03-28,7:48:00,8.45,NA,-110.7,8.404,25,12.3,NA,98.5,12.2,NA,NA,NA,NA,2723.715,13.17339933,2700.435,11.03793685,0.001673,0.002766,0,0,,dark,first,55,276.4532795,267.6162198,-0.008837059646,-0.1,-0.02328,0.001093,-0.3,NA,-0.024373,2024-03-26 11:17:00,2024-03-28 7:48:00,44.51666667,NA,0.55566,8.498551506,8.394931427,0.006217856112,0.0007690472852,0.008574560605,8,33.31,12.4,1,0,8.446741467,6.43E-06,156.7798072,157.3674303,156.7798072,157.3674303,156.7798072,157.3674307,0.001891137836,0.0003429482165,0.00224051602,0.002712075,5.259481531,8.258020325
52,mar.2024.cluster,2024-03-26,mytilus_trossulus,shell.trossulus.painted,A,33.22,0,0,0.482,0,394.79,449.49,999.38,549.89,0,penn cove,0,NA,NA,NA,54.7,3.49,black,8.603,NA,-119.7,8.591,25,12.6,NA,102.3,12.6,NA,NA,NA,NA,2024-03-26,11:04:00,2024-03-28,7:42:00,8.422,NA,-109,8.378,25,12.1,NA,78,12.1,NA,NA,NA,NA,2768.985,9.029753596,2768.54,10.74802307,0.001933,0.001836,0,0,,dark,first,55,275.7567323,212.4891131,-0.06326761923,-0.181,-0.000445,-9.70E-05,-0.5,NA,-0.000348,2024-03-26 11:04:00,2024-03-28 7:42:00,44.63333333,NA,0.54989,8.550361545,8.365572405,0.01424986223,-2.18E-05,3.92E-05,8,33.22,12.35,1,0,8.457966975,6.54E-06,158.7832803,159.3792112,158.7832803,159.3792112,158.7832803,159.3792116,0.001916631015,0.0003573666985,0.002280534775,0.0027687625,5.482378217,8.609923184
53,mar.2024.cluster,2024-03-26,mytilus_trossulus,shell.trossulus.painted,B,33.24,0,0,0.512,0,396.75,456.25,987.91,531.66,0,penn cove,0,NA,NA,NA,59.5,4.5,black,8.649,NA,-122.5,8.628,25,12.6,NA,102.7,12.6,NA,NA,NA,NA,2024-03-26,10:55:00,2024-03-28,7:35:00,8.517,NA,-114.6,8.472,25,12.4,NA,84.1,12.4,NA,NA,NA,NA,2807.14,1.58391919,2799,8.541849917,0.002464,0.004894,0,0,,dark,first,55,276.8004578,227.6271305,-0.04917332731,-0.132,-0.00814,0.00243,-0.2,NA,-0.01057,2024-03-26 10:55:00,2024-03-28 7:35:00,44.66666667,NA,0.53166,8.598717582,8.462284479,0.009837009105,0.0004861158159,0.001057251888,8,33.24,12.5,1,0,8.53050103,5.20E-06,127.0141785,127.4896462,127.0141785,127.4896462,127.0141785,127.4896464,0.001838522165,0.0004055311478,0.002249249013,0.00280307,6.22246383,9.769520152
54,mar.2024.cluster,2024-03-26,mytilus_trossulus,shell.trossulus.painted,C,33.21,0,0,0.542,0,394.37,447.07,993.73,546.66,0,penn cove,0,NA,NA,NA,52.7,3.17,black,8.662,NA,-123.2,8.641,25,12.5,NA,102.6,12.5,NA,NA,NA,NA,2024-03-26,10:46:00,2024-03-28,7:29:00,8.503,NA,-113.8,8.47,25,12.2,NA,84.8,12.1,NA,NA,NA,NA,2816.305,8.20950973,2698.48,134.8876896,0.001673,0.002211,0,0,,dark,first,55,277.1660273,231.0282546,-0.04613777263,-0.159,-0.117825,0.000538,-0.4,NA,-0.118363,2024-03-26 10:46:00,2024-03-28 7:29:00,44.71666667,NA,0.54666,8.610806591,8.448468468,0.01070271311,0.0001248014224,0.01372850442,8,33.21,12.35,1,0,8.52963753,5.17E-06,125.6633386,126.1347375,125.6633386,126.1347375,125.6633386,126.1347377,0.001808761576,0.0003979147865,0.002211844411,0.0027573925,6.104427564,9.58734863
55,mar.2024.cluster,2024-03-26,mytilus_trossulus,shell.trossulus.painted,D,33.25,0,0,0.575,0,396.1,455,1003.57,548.57,0,penn cove,0,NA,NA,NA,58.9,3.71,black,8.733,NA,-127.2,8.719,25,12.3,NA,102.5,12.3,NA,NA,NA,NA,2024-03-26,10:37:00,2024-03-28,7:24:00,8.618,NA,-120.5,8.578,25,12.4,NA,85.8,12.3,NA,NA,NA,NA,2867.295,0.04949747468,2855.55,0.6929646456,0.0017,0.003607,0,0,,dark,first,55,277.9988781,232.7054023,-0.04529347575,-0.115,-0.011745,0.001907,0,NA,-0.013652,2024-03-26 10:37:00,2024-03-28 7:24:00,44.78333333,NA,0.54857,8.679886644,8.564177556,0.009419676575,0.000396598471,0.001419602078,8,33.25,12.35,1,0,8.6220321,3.98E-06,97.0114506,97.37515439,97.0114506,97.37515439,97.0114506,97.37515454,0.001744450419,0.0004714043544,0.002219838095,0.0028614225,7.230223182,11.35511255
56,mar.2024.cluster,2024-03-26,mytilus_trossulus,shell.trossulus.painted,A,33.29,0,0,0.6,0,402.08,457.78,1038.4,580.62,0,penn cove,0,NA,NA,NA,55.7,4.17,black,8.737,NA,-127.6,8.716,25,12.5,NA,102.3,12.5,NA,NA,NA,NA,2024-03-26,10:29:00,2024-03-28,7:17:00,8.602,NA,-119.6,8.564,25,12.2,NA,80,12.2,NA,NA,NA,NA,2912.51,0.3252691193,2908.91,0.02828427125,0.001933,0.002067,0,0,,dark,first,55,276.2177559,217.3804464,-0.05883730951,-0.135,-0.0036,0.000134,-0.3,NA,-0.003734,2024-03-26 10:29:00,2024-03-28 7:17:00,44.8,NA,0.58062,8.686794649,8.548634544,0.01369025657,3.12E-05,0.0004344132871,8,33.29,12.35,1,0,8.617714596,4.14E-06,100.7586976,101.1366556,100.7586976,101.1366556,100.7586976,101.1366558,0.001781842975,0.0004776772268,0.002263661985,0.00291071,7.325580279,11.50348039
57,mar.2024.cluster,2024-03-26,mytilus_trossulus,shell.trossulus.painted,B,33.25,0,0,0.625,0,393.42,445.02,1009.72,564.7,0,penn cove,0,NA,NA,NA,51.6,3.26,black,8.758,NA,-129,8.736,25,12.5,NA,102.5,12.5,NA,NA,NA,NA,2024-03-26,10:24:00,2024-03-28,7:12:00,8.653,NA,-122.6,8.616,25,12.3,NA,101.2,12.3,NA,NA,NA,NA,2926.15,1.781909089,2899.05,33.84213055,0.002464,0.002041,0,0,,dark,first,55,276.8268194,274.4730387,-0.002353780728,-0.105,-0.0271,-0.000423,-0.2,NA,-0.026677,2024-03-26 10:24:00,2024-03-28 7:12:00,44.8,NA,0.5647,8.710972667,8.600444583,0.000574984417,-0.0001033309541,0.003258344992,8,33.25,12.4,1,0,8.655708625,3.63E-06,88.54860556,88.88047748,88.54860556,88.88047748,88.54860556,88.88047761,0.001722283523,0.0005039432202,0.002229859868,0.0029126,7.73038468,12.13916143
58,mar.2024.cluster,2024-03-26,mytilus_trossulus,shell.trossulus.painted,C,33.19,0,0,0.64,0,398.43,453.03,1043.93,590.9,0,penn cove,0,NA,NA,NA,54.6,3.23,black,8.766,NA,-129.2,8.795,25,12.3,NA,102.3,12.3,NA,NA,NA,NA,2024-03-26,10:15:00,2024-03-28,7:05:00,8.67,NA,-123.5,8.645,25,12.3,NA,101.2,12.3,NA,NA,NA,NA,2936.43,7.212489168,2934.445,3.203193719,0.001673,0.003945,0,0,,dark,first,55,277.5604332,274.5759124,-0.002984520787,-0.096,-0.001985,0.002272,0,NA,-0.004257,2024-03-26 10:15:00,2024-03-28 7:05:00,44.83333333,NA,0.5909,8.71442667,8.615987595,0.0007204352029,0.000548439397,0.0005137998488,8,33.19,12.3,1,0,8.665207132,3.56E-06,86.55239675,86.87713102,86.55239675,86.87713102,86.55239675,86.87713114,0.001725799783,0.0005128565778,0.002242218111,0.0029354375,7.867087617,12.35794794
59,mar.2024.cluster,2024-03-26,mytilus_trossulus,shell.trossulus.painted,D,33.24,0,0,0.645,0,441.3,495.6,1135.41,639.81,0,penn cove,0,NA,NA,NA,54.3,3.27,black,8.804,NA,-131.4,8.786,25,12.4,NA,102.6,12.4,NA,NA,NA,NA,2024-03-26,10:04:00,2024-03-28,6:58:00,8.723,NA,-126.7,8.7,25,12.5,NA,101.2,12.3,NA,NA,NA,NA,2943.14,0.2545584412,2916.765,34.28760782,0.0017,0.002883,0,0,,dark,first,55,277.699686,274.4901816,-0.003209504367,-0.081,-0.026375,0.001183,-0.1,NA,-0.027558,2024-03-26 10:04:00,2024-03-28 6:58:00,44.9,NA,0.63981,8.752420699,8.671251637,0.0008422534994,0.0003104485228,0.003615951138,8,33.24,12.45,1,0,8.711836168,3.02E-06,73.6857582,73.96165863,73.6857582,73.96165863,73.6857582,73.96165872,0.001640695743,0.0005465280614,0.002190240199,0.0029299525,8.384699894,13.16593592
1,mar.2024.cluster,2024-03-26,mytilus_californianus,shell.californianus,B,33.38,0,0.41,0,0,443.93,459.49,998.55,539.06,0,penn cove,0,NA,NA,NA,15.56,65.8,black,6.904,NA,-20.4,6.799,25,12.6,NA,102.4,12.6,NA,NA,NA,NA,2024-03-26,20:45:00,2024-03-28,16:38:00,7.235,NA,-39.1,7.151,25,12.3,NA,98.6,12.3,NA,NA,NA,NA,1839.655,1.590990258,2057.36,2.61629509,0.002464,0.003096,0,0,,dark,first,55,275.7511982,267.2043219,-0.008546876292,0.331,0.217705,0.000632,-0.3,NA,0.217073,2024-03-26 20:45:00,2024-03-28 16:38:00,43.88333333,NA,0.53906,6.835449245,7.15839849,0.006747382393,0.0004989361642,-0.08568478637,8,33.38,12.45,1,0,6.996923867,0.0001899752048,4650.37015,4667.869261,4650.37015,4667.869261,4650.37015,4667.869626,0.001914481379,1.34E-05,0.002117845849,0.0019485075,0.2052718888,0.3222664714
2,mar.2024.cluster,2024-03-26,mytilus_trossulus,shell.trossulus.painted,C,33.34,0,0.4,0,0,446.08,510.08,998.4,488.32,0,penn cove,0,NA,NA,NA,64,4.5,black,6.932,NA,-21.9,6.821,25,12.4,NA,102.1,12.4,NA,NA,NA,NA,2024-03-26,20:39:00,2024-03-28,16:31:00,7.11,NA,-32.1,6.951,25,12.5,NA,89.5,12.5,NA,NA,NA,NA,1853.465,0.6717514421,1936.415,1.322289681,0.001673,0.004788,0,0,,dark,first,55,276.1739591,241.5814429,-0.03459251618,0.178,0.08295,0.003115,0.1,NA,0.079835,2024-03-26 20:39:00,2024-03-28 16:31:00,43.86666667,NA,0.48832,6.861354264,7.037508398,0.006016889782,0.0005418111702,-0.006943097074,8,33.34,12.45,1,0,6.949431331,0.0002002695419,4892.642441,4911.065445,4892.642441,4911.065445,4892.642441,4911.065826,0.001866686548,1.10E-05,0.002077985925,0.00189494,0.1691533883,0.2655483717
101,sept.2023.cluster,2023-09-23,mytilus_trossulus,shell.trossulus,ORB,32.14,0,0,0,0,444.97,449.5,1194.9,745.4,4.53,penn cove,0,0.76,0.76,0,4.26,64.2,,6.978,NA,-17.2,NA,NA,13.3,NA,100.5,13.2,NA,NA,NA,NA,2023-09-23,15:57:00,2023-09-23,18:41:00,7.038,NA,-20.6,NA,NA,13,NA,99.8,13,NA,NA,NA,NA,2141.077593,0.4595363118,2168.939088,0.08726476467,0.0008699546667,0.000932828,0,0,,dark,first,53,269.3210488,268.5662525,-0.0007547962909,0.06,0.027861495,6.29E-05,-0.2,NA,0.02779862167,2023-09-23 15:57:00,2023-09-23 18:41:00,2.733333333,1,0.7454,6.780185203,6.838903247,0.04831889001,0.004024886864,-0.889775532,8,32.14,13.15,1,0,6.809544225,0.0003091881654,7674.199095,7702.913722,7674.199095,7702.913722,7674.199095,7702.914619,0.002132990249,8.92E-06,0.002451093568,0.002155008341,0.1375820475,0.2162798363
104,sept.2023.cluster,2023-09-23,mytilus_trossulus,shell.trossulus,ORA,32.26,0,0,0,0,443.98,448.23,1310.43,862.2,4.25,penn cove,0,0.8,0.8,0,4.13,59.2,,7.058,NA,-22.1,NA,NA,13.2,NA,100.8,13.2,NA,NA,NA,NA,2023-09-23,16:10:00,2023-09-23,18:53:00,7.016,NA,-20,NA,NA,13,NA,100,12.9,NA,NA,NA,NA,2182.606157,2.141654377,2192.716672,1.691206465,0.000781932,0.000932828,0,0,,dark,first,53,269.9239408,269.4682258,-0.0004557150032,-0.042,0.010110515,0.000150896,-0.3,NA,0.009959619,2023-09-23 16:10:00,2023-09-23 18:53:00,2.716666667,1,0.8622,6.864808267,6.828541239,0.03501990307,0.01159576326,-0.3826787461,8,32.26,13.1,1,0,6.846674753,0.0002877490238,7132.69286,7159.38694,7132.69286,7159.38694,7132.69286,7159.387714,0.002163362441,9.85E-06,0.002460957017,0.002187661415,0.1518598778,0.2386724759
110,sept.2023.cluster,2023-09-23,mytilus_trossulus,shell.trossulus,ORA,32.3,0,0,0,0,442.7,445.96,1285.37,839.41,3.26,penn cove,0,0.86,0.86,0,3.09,57.4,,7.412,NA,-41.6,NA,NA,13.1,NA,100.2,13,NA,NA,NA,NA,2023-09-23,16:37:00,2023-09-23,20:40:00,7.433,NA,-42.7,NA,NA,12.4,NA,98.8,12.3,NA,NA,NA,NA,2295.803959,1.072654015,2303.966567,0.1030408345,0.000781932,0.000932828,0,0,,dark,first,53,269.3747234,269.558431,0.0001837075466,0.021,0.008162608,0.000150896,-0.7,NA,0.008011712,2023-09-23 16:37:00,2023-09-23 20:40:00,4.05,1,0.83941,7.201573522,7.220570537,-0.01232218241,0.01012134814,-0.2686927632,8,32.3,12.75,1,0,7.211072029,0.0001298139591,3184.233183,3196.15046,3184.233183,3196.15046,3184.233183,3196.150615,0.002242516931,2.33E-05,0.002395632772,0.002299885263,0.3590444984,0.5646370271
116,sept.2023.cluster,2023-09-23,mytilus_trossulus,shell.trossulus,ORA,32.31,0,0,0,0,454.39,457.14,1260.9,803.76,2.75,penn cove,0,0.84,0.84,0,2.62,55.6,,7.978,NA,-73.1,NA,NA,13.1,NA,99.9,13.1,NA,NA,NA,NA,2023-09-23,17:08:00,2023-09-23,21:05:00,7.968,NA,-72.5,NA,NA,12.6,NA,98.9,12.6,NA,NA,NA,NA,2635.075233,4.319823742,2636.245224,3.043383441,0.000781932,0.000932828,0,0,,dark,first,53,267.9901462,268.1079486,0.000117802387,-0.01,0.001169991,0.000150896,-0.5,NA,0.001019095,2023-09-23 17:08:00,2023-09-23 21:05:00,3.95,1,0.80376,7.745578935,7.735216927,-0.009149178333,0.0117194095,-0.03957424858,8,32.31,12.85,1,0,7.740397931,4.15E-05,1020.177292,1023.981983,1020.177292,1023.981983,1020.177292,1023.981999,0.002429510524,8.58E-05,0.002556754124,0.002635660229,1.321938714,2.078409938
119,sept.2023.cluster,2023-09-23,mytilus_trossulus,shell.trossulus,ORB,32.1,0,0,0,0,444.51,447.87,1243.89,796.02,3.36,penn cove,0,0.86,0.86,0,3.27,58.1,,8.218,NA,-86.4,NA,NA,13.1,NA,99.6,13,NA,NA,NA,NA,2023-09-23,17:30:00,2023-09-23,21:15:00,8.215,NA,-86.1,NA,NA,12.4,NA,98.1,12.4,NA,NA,NA,NA,2856.707346,3.366414226,2852.037176,1.029432589,0.0008699546667,0.000932828,0,0,,dark,first,53,268.0946705,267.415723,-0.000678947576,-0.003,-0.00467017,6.29E-05,-0.6,NA,-0.004733043333,2023-09-23 17:30:00,2023-09-23 21:15:00,3.75,1,0.79602,7.975270109,7.970089105,0.04407387152,0.00408142147,0.1536227178,8,32.1,12.75,1,0,7.972679607,2.51E-05,615.0679858,617.3637482,615.0679858,617.3637482,615.0679858,617.363754,0.0025005429,0.0001493584153,0.002675012405,0.002854372261,2.303085299,3.623536071
122,sept.2023.cluster,2023-09-23,mytilus_trossulus,shell.trossulus,ORA,32.42,0,0,0,0,455,458.67,1278.23,819.56,3.67,penn cove,0,0.95,0.95,0,3.58,58.1,,8.564,NA,-105.8,NA,NA,13.1,NA,99.7,13.1,NA,NA,NA,NA,2023-09-23,17:34:00,2023-09-23,21:22:00,8.554,NA,-105.2,NA,NA,12.6,NA,98.5,12.6,NA,NA,NA,NA,3374.429297,4.00919967,3371.064478,0.419415853,0.000781932,0.001008276,0,0,,dark,first,53,267.2710161,266.8406036,-0.0004304124983,-0.01,-0.003364819,0.000226344,-0.5,NA,-0.003591163,2023-09-23 17:34:00,2023-09-23 21:22:00,3.8,1,0.81956,8.310308363,8.299946355,0.02592979029,0.01363587832,0.1081730942,8,32.42,12.85,1,0,8.305127359,1.21E-05,296.6878357,297.7934454,296.6878357,297.7934454,296.6878357,297.7934468,0.002594425972,0.0003370893596,0.002943568183,0.003372746888,5.193053392,8.162634547
1,august.2022,2022-08-21,mytilus_californianus,shell.californianus.painted,,33.94,,,,,,,,,,,,,,,24.917,51.339,,7.40846,,,7.40846,10.2,,,,,,,,,2022-07-20,,2020-07-22,,,,,,,,,,,,,,,2288.790279,,2338.365961,,,,,,,,,,,,,,,,,,,,,52.03333333,,,,,,,-0.03823765925,8,33.89,10.2,1,0,7.74516,3.71E-05,844.7944953,848.0539401,844.7944953,848.0539401,844.7944953,848.0539516,0.002084633213,6.97E-05,0.002191359961,0.002258569778,1.061191271,1.671014671
2,august.2022,2022-08-21,mytilus_californianus,shell.californianus.painted,,33.94,,,,,,,,,,,,,,,24.117,54.348,,7.40482,,,7.40482,10.2,,,,,,,,,2022-07-20,,2020-07-22,,,,,,,,,,,,,,,2291.115036,,2354.367552,,,,,,,,,,,,,,,,,,,,,52.03333333,,,,,,,-0.05040491367,8,33.89,10.2,1,0,7.74334,3.74E-05,852.1584825,855.4463658,852.1584825,855.4463658,852.1584825,855.4463776,0.002094010953,6.97E-05,0.002201081502,0.002267855929,1.061507251,1.671512232
3,august.2022,2022-08-21,mytilus_californianus,shell.californianus.painted,,33.94,,,,,,,,,,,,,,,23.533,51.201,,7.40846,,,7.40846,10.2,,,,,,,,,2022-07-20,,2020-07-22,,,,,,,,,,,,,,,2293.641431,,2335.030945,,,,,,,,,,,,,,,,,,,,,52.03333333,,,,,,,-0.03380114225,8,33.89,10.2,1,0,7.74334,3.74E-05,853.3976793,856.6903482,853.3976793,856.6903482,853.3976793,856.69036,0.002097056034,6.98E-05,0.002204282284,0.002271103684,1.06305088,1.673942921
4,august.2022,2022-08-21,mytilus_californianus,shell.californianus.painted,,33.94,,,,,,,,,,,,,,,24.672,51.596,,7.40664,,,7.40664,10.2,,,,,,,,,2022-07-20,,2020-07-22,,,,,,,,,,,,,,,2290.743758,,2425.278971,,,,,,,,,,,,,,,,,,,,,52.18333194,,,,,,,-0.1044960346,8,33.89,10.2,1,0,7.73606,3.81E-05,868.0008815,871.3499471,868.0008815,871.3499471,868.0008815,871.3499593,0.002097484421,6.86E-05,0.002204205243,0.002268712267,1.045593224,1.646453061
5,august.2022,2022-08-21,mytilus_californianus,shell.californianus.painted,,33.89,,,,,,,,,,,,,,,20.647,44.006,,7.74516,,,7.74516,10.2,,,,,,,,,2022-07-20,,2020-07-22,,,,,,,,,,,,,,,2258.569778,,2277.446707,,,,,,,,,,,,,,,,,,,,,53.25,,,,,,,-0.01716938614,8,33.89,10.2,1,0,7.73242,3.86E-05,879.7827635,883.1773313,879.7827635,883.1773313,879.7827635,883.1773438,0.002108210765,6.84E-05,0.002215223647,0.002278727919,1.042168742,1.641060668
6,august.2022,2022-08-21,mytilus_californianus,shell.californianus.painted,,33.89,,,,,,,,,,,,,,,26.623,48.839,,7.74334,,,7.74334,10.2,,,,,,,,,2022-07-20,,2020-07-22,,,,,,,,,,,,,,,2267.855929,,2283.347101,,,,,,,,,,,,,,,,,,,,,53.23333333,,,,,,,-0.01093059022,8,33.89,10.2,1,0,7.73424,3.81E-05,868.2228134,871.5727361,868.2228134,871.5727361,868.2228134,871.5727482,0.00208924692,6.81E-05,0.002195421974,0.002259232992,1.037131409,1.633128586
7,august.2022,2022-08-21,mytilus_californianus,shell.californianus.painted,,33.89,,,,,,,,,,,,,,,24.021,49.236,,7.74334,,,7.74334,10.2,,,,,,,,,2022-07-20,,2020-07-22,,,,,,,,,,,,,,,2271.103684,,2297.790212,,,,,,,,,,,,,,,,,,,,,53.21666667,,,,,,,-0.02087629011,8,34.13,10.2,1,0,7.49294,6.97E-05,1590.439122,1596.580428,1590.439122,1596.580428,1590.439122,1596.580469,0.002197197283,4.13E-05,0.002308186037,0.002300078027,0.6286720371,0.9895085161
8,august.2022,2022-08-21,mytilus_californianus,shell.californianus.painted,,33.89,,,,,,,,,,,,,,,27.535,55.63,,7.73606,,,7.73606,10.2,,,,,,,,,2022-07-20,,2020-07-22,,,,,,,,,,,,,,,2268.712267,,2284.835965,,,,,,,,,,,,,,,,,,,,,53.2,,,,,,,-0.01100697395,8,33.89,10.2,1,0,7.73606,3.82E-05,871.6264447,874.9895123,871.6264447,874.9895123,871.6264447,874.9895246,0.002106245428,6.89E-05,0.002213412015,0.002278046695,1.049960575,1.653330151
9,august.2022,2022-08-21,mytilus_californianus,shell.californianus.painted,,33.89,,,,,,,,,,,,,,,22.573,50.427,,7.73242,,,7.73242,10.2,,,,,,,,,2022-07-20,,2020-07-22,,,,,,,,,,,,,,,2278.727919,,2297.278821,,,,,,,,,,,,,,,,,,,,,53.18333333,,,,,,,-0.01545255096,8,33.89,10.2,1,0,7.73424,3.83E-05,874.1610172,877.5338734,874.1610172,877.5338734,874.1610172,877.5338857,0.00210353631,6.86E-05,0.002210437547,0.002274453731,1.044224862,1.644298358
10,august.2022,2022-08-21,mytilus_californianus,shell.californianus.painted,,33.89,,,,,,,,,,,,,,,23.664,47.885,,7.73424,,,7.73424,10.2,,,,,,,,,2022-07-20,,2020-07-22,,,,,,,,,,,,,,,2259.232992,,2298.88608,,,,,,,,,,,,,,,,,,,,,53.15,,,,,,,-0.03152721383,8,33.89,10.2,1,0,7.73242,3.86E-05,878.9111833,882.302385,878.9111833,882.302385,878.9111833,882.3023975,0.00210612221,6.83E-05,0.002213029076,0.002276503806,1.041136289,1.639434908
11,august.2022,2022-08-21,mytilus_californianus,shell.californianus.painted,,33.89,,,,,,,,,,,,,,,23.895,48.427,,7.73606,,,7.73606,10.2,,,,,,,,,2022-07-20,,2020-07-22,,,,,,,,,,,,,,,2278.046695,,2285.573812,,,,,,,,,,,,,,,,,,,,,53.15,,,,,,,-0.0059267739,8,33.915,10.2,1,0,7.37206,9.19E-05,2094.795746,2102.888989,2094.795746,2102.888989,2094.795746,2102.88906,0.002189532748,3.10E-05,0.002312427714,0.002266906753,0.4723089042,0.7436908439
12,august.2022,2022-08-21,mytilus_californianus,shell.californianus.painted,,33.89,,,,,,,,,,,,,,,24.021,49.236,,7.73424,,,7.73424,10.2,,,,,,,,,2022-07-20,,2020-07-22,,,,,,,,,,,,,,,2274.453731,,2299.60629,,,,,,,,,,,,,,,,,,,,,53.13333333,,,,,,,-0.01970715896,8,33.915,10.2,1,0,7.3757,9.14E-05,2084.782901,2092.837372,2084.782901,2092.837372,2084.782901,2092.837443,0.002197407479,3.14E-05,0.002320236706,0.002275653826,0.477997127,0.7526474381
13,august.2022,2022-08-21,mytilus_californianus,shell.californianus.painted,,33.89,,,,,,,,,,,,,,,28.871,60.639,,7.73242,,,7.73242,10.2,,,,,,,,,2022-07-20,,2020-07-22,,,,,,,,,,,,,,,2276.503806,,2281.526656,,,,,,,,,,,,,,,,,,,,,53.11666667,,,,,,,-0.003275349266,8,33.915,10.2,1,0,7.37388,9.08E-05,2070.345881,2078.34445,2070.345881,2078.34445,2070.345881,2078.34452,0.002173064757,3.09E-05,0.002294783277,0.002250293381,0.4707251002,0.7411970087
14,august.2022,2022-08-21,mytilus_californianus,shell.californianus.painted,,33.915,,,,,,,,,,,,,,,27.252,53.416,,7.37206,,,7.37206,10.2,,,,,,,,,2022-07-20,,2020-07-22,,,,,,,,,,,,,,,2266.906753,,2338.519274,,,,,,,,,,,,,,,,,,,,,52.95,,,,,,,-0.0496277541,8,33.915,10.2,1,0,7.37206,9.17E-05,2091.241297,2099.320776,2091.241297,2099.320776,2091.241297,2099.320847,0.002185817549,3.10E-05,0.002308503987,0.00226308632,0.4715074905,0.7424289493
15,august.2022,2022-08-21,mytilus_californianus,shell.californianus.painted,,33.915,,,,,,,,,,,,,,,23.774,48.766,,7.3757,,,7.3757,10.2,,,,,,,,,2022-07-20,,2020-07-22,,,,,,,,,,,,,,,2275.653826,,2333.384909,,,,,,,,,,,,,,,,,,,,,52.93333333,,,,,,,-0.04587522439,8,33.915,10.2,1,0,7.37024,9.29E-05,2117.893358,2126.076043,2117.893358,2126.076043,2117.893358,2126.076116,0.002204417501,3.11E-05,0.002328405858,0.002281889649,0.4735311337,0.7456153489
16,august.2022,2022-08-21,mytilus_californianus,shell.californianus.painted,,33.915,,,,,,,,,,,,,,,28.629,59.425,,7.37388,,,7.37388,10.2,,,,,,,,,2022-07-20,,2020-07-22,,,,,,,,,,,,,,,2250.293381,,2331.503815,,,,,,,,,,,,,,,,,,,,,52.93333333,,,,,,,-0.05358909343,8,33.915,10.2,1,0,7.3757,9.18E-05,2093.649425,2101.738229,2093.649425,2101.738229,2093.649425,2101.7383,0.002206752992,3.15E-05,0.002330104608,0.002285266281,0.4800300355,0.7558484267
17,august.2022,2022-08-21,mytilus_californianus,shell.californianus.painted,,33.915,,,,,,,,,,,,,,,27.271,54.899,,7.37206,,,7.37206,10.2,,,,,,,,,2022-07-20,,2020-07-22,,,,,,,,,,,,,,,2263.08632,,2307.178595,,,,,,,,,,,,,,,,,,,,,52.91666667,,,,,,,-0.03055406272,8,33.915,10.2,1,0,7.3757,9.18E-05,2093.810245,2101.899672,2093.810245,2101.899672,2093.810245,2101.899743,0.0022069225,3.15E-05,0.002330283591,0.002285440631,0.4800669082,0.755906486
18,august.2022,2022-08-21,mytilus_californianus,shell.californianus.painted,,33.915,,,,,,,,,,,,,,,25.637,50.496,,7.37024,,,7.37024,10.2,,,,,,,,,2022-07-20,,2020-07-22,,,,,,,,,,,,,,,2281.889649,,2317.509696,,,,,,,,,,,,,,,,,,,,,52.9,,,,,,,-0.0262646496,8,34.13,10.2,1,0,7.49294,6.99E-05,1595.051669,1601.210817,1595.051669,1601.210817,1595.051669,1601.210858,0.002203569533,4.14E-05,0.002314880174,0.002306689903,0.6304952941,0.9923782609
19,august.2022,2022-08-21,mytilus_californianus,shell.californianus.painted,,33.915,,,,,,,,,,,,,,,22.674,51.26,,7.3757,,,7.3757,10.2,,,,,,,,,2022-07-20,,2020-07-22,,,,,,,,,,,,,,,2285.266281,,2311.116862,,,,,,,,,,,,,,,,,,,,,52.9,,,,,,,-0.02155194573,8,33.915,10.2,1,0,7.377156,9.14E-05,2083.018847,2091.066487,2083.018847,2091.066487,2083.018847,2091.066557,0.002202921194,3.16E-05,0.002325857444,0.002281586781,0.4808057461,0.7570698495
20,august.2022,2022-08-21,mytilus_californianus,shell.californianus.painted,,33.915,,,,,,,,,,,,,,,26.446,57.668,,7.3757,,,7.3757,10.2,,,,,,,,,2022-07-20,,2020-07-22,,,,,,,,,,,,,,,2285.440631,,2343.413204,,,,,,,,,,,,,,,,,,,,,52.85,,,,,,,-0.04147798001,8,33.915,10.2,1,0,7.3757,9.05E-05,2063.040653,2071.010936,2063.040653,2071.010936,2063.040653,2071.011005,0.002174490666,3.11E-05,0.002296038905,0.002252082425,0.4730120841,0.7447980609
21,august.2022,2022-08-21,mytilus_californianus,shell.californianus.painted,,33.915,,,,,,,,,,,,,,,25.099,47.979,,7.377156,,,7.377156,10.2,,,,,,,,,2022-07-20,,2020-07-22,,,,,,,,,,,,,,,2281.586781,,2318.823689,,,,,,,,,,,,,,,,,,,,,52.85,,,,,,,-0.02807192577,8,33.915,10.2,1,0,7.3757,9.10E-05,2074.762939,2082.778612,2074.762939,2082.778612,2074.762939,2082.778681,0.002186846216,3.12E-05,0.002309085097,0.002264790895,0.4756997592,0.7490300357
22,august.2022,2022-08-21,mytilus_californianus,shell.californianus.painted,,33.915,,,,,,,,,,,,,,,24.322,51.98,,7.3757,,,7.3757,10.2,,,,,,,,,2022-07-20,,2020-07-22,,,,,,,,,,,,,,,2252.082425,,2343.69697,,,,,,,,,,,,,,,,,,,,,52.83333333,,,,,,,-0.07129468137,8,33.915,10.2,1,0,7.3757,9.18E-05,2093.171926,2101.258881,2093.171926,2101.258881,2093.171926,2101.258952,0.002206249698,3.15E-05,0.002329573181,0.002284748611,0.4799205551,0.7556760404
23,august.2022,2022-08-21,mytilus_californianus,shell.californianus.painted,,33.915,,,,,,,,,,,,,,,19.608,41.882,,7.3757,,,7.3757,10.2,,,,,,,,,2022-07-20,,2020-07-22,,,,,,,,,,,,,,,2264.790895,,2301.579981,,,,,,,,,,,,,,,,,,,,,52.83333333,,,,,,,-0.03551220906,8,33.915,10.2,1,0,7.3757,9.14E-05,2083.431724,2091.480963,2083.431724,2091.480963,2083.431724,2091.481034,0.002195983308,3.14E-05,0.002318732928,0.002274188976,0.4776873304,0.7521596368
24,august.2022,2022-08-21,mytilus_californianus,shell.californianus.painted,,33.915,,,,,,,,,,,,,,,25.976,55.391,,7.3757,,,7.3757,10.2,,,,,,,,,2022-07-20,,2020-07-22,,,,,,,,,,,,,,,2284.748611,,2317.458805,,,,,,,,,,,,,,,,,,,,,52.81666667,,,,,,,-0.02384184461,8,34.13,10.2,1,0,7.49476,6.97E-05,1590.469788,1596.611213,1590.469788,1596.611213,1590.469788,1596.611254,0.002206466952,4.17E-05,0.002317805565,0.002310126058,0.633975562,0.9978560849
25,august.2022,2022-08-21,mytilus_californianus,shell.californianus.painted,,33.915,,,,,,,,,,,,,,,27.837,53.557,,7.3757,,,7.3757,10.2,,,,,,,,,2022-07-20,,2020-07-22,,,,,,,,,,,,,,,2274.188976,,2408.103232,,,,,,,,,,,,,,,,,,,,,52.8,,,,,,,-0.09111092612,8,34.13,10.2,1,0,7.49658,6.93E-05,1582.510528,1588.621166,1582.510528,1588.621166,1582.510528,1588.621206,0.002204644713,4.18E-05,0.002315775038,0.002308666267,0.6361121655,1.001219027
1,july.2022,2022-07-20,mytilus_californianus,shell.californianus.painted,,34.13,,,,,,,,,,,,,,,24.564,52.14,,7.49476,,,7.49476,10.2,,,,,,,,,2022-07-20,,2020-07-22,,,,,,,,,,,,,,,2314.288044,,2345.214698,,,,,,,,,,,,,,,,,,,,,48,,,,,,,-0.02622965681,8,34.13,10.2,1,0,7.49476,6.98E-05,1593.360672,1599.513278,1593.360672,1599.513278,1593.360672,1599.513319,0.00221047749,4.17E-05,0.002322018475,0.002314288044,0.6351278942,0.9996698168
2,july.2022,2022-07-20,mytilus_californianus,shell.californianus.painted,,34.13,,,,,,,,,,,,,,,24.939,55.583,,7.49476,,,7.49476,10.2,,,,,,,,,2022-07-20,,2020-07-22,,,,,,,,,,,,,,,2307.430217,,2382.739025,,,,,,,,,,,,,,,,,,,,,47.98333333,,,,,,,-0.06293269409,8,34.13,10.2,1,0,7.4984,6.90E-05,1575.06222,1581.144049,1575.06222,1581.144049,1575.06222,1581.144089,0.002203483069,4.20E-05,0.002314440515,0.002307893425,0.6384469376,1.004893879
3,july.2022,2022-07-20,mytilus_californianus,shell.californianus.painted,,34.13,,,,,,,,,,,,,,,27.502,58.258,,7.49112,,,7.49112,10.2,,,,,,,,,2022-07-20,,2020-07-22,,,,,,,,,,,,,,,2301.783345,,2378.785506,,,,,,,,,,,,,,,,,,,,,47.95,,,,,,,-0.05839155224,8,34.13,10.2,1,0,7.4984,6.90E-05,1574.383547,1580.462751,1574.383547,1580.462751,1574.383547,1580.462791,0.002202533617,4.19E-05,0.002313443254,0.002306907818,0.6381718394,1.004460883
4,july.2022,2022-07-20,mytilus_californianus,shell.californianus.painted,,34.13,,,,,,,,,,,,,,,28.224,54.159,,7.49294,,,7.49294,10.2,,,,,,,,,2022-07-20,,2020-07-22,,,,,,,,,,,,,,,2306.26461,,2369.710957,,,,,,,,,,,,,,,,,,,,,47.93333333,,,,,,,-0.04689757878,8,34.13,10.2,1,0,7.50204,6.84E-05,1560.927832,1566.954991,1560.927832,1566.954991,1560.927832,1566.95503,0.002202088797,4.23E-05,0.002312753371,0.002307316673,0.6434131281,1.012710495
5,july.2022,2022-07-20,mytilus_californianus,shell.californianus.painted,,34.13,,,,,,,,,,,,,,,26.63,59.161,,7.48566,,,7.48566,10.2,,,,,,,,,2022-07-20,,2020-07-22,,,,,,,,,,,,,,,2303.747205,,2349.951835,,,,,,,,,,,,,,,,,,,,,47.91666667,,,,,,,-0.03620993361,8,34.13,10.2,1,0,7.50386,6.83E-05,1559.645583,1565.667782,1559.645583,1565.667782,1559.645583,1565.667822,0.002209519928,4.26E-05,0.002320449166,0.002315472362,0.6482955091,1.020395197
6,july.2022,2022-07-20,mytilus_californianus,shell.californianus.painted,,34.13,,,,,,,,,,,,,,,27.614,49.978,,7.49294,,,7.49294,10.2,,,,,,,,,2022-07-20,,2020-07-22,,,,,,,,,,,,,,,2300.078027,,2326.111203,,,,,,,,,,,,,,,,,,,,,47.93333333,,,,,,,-0.01966800063,8,34.13,10.2,1,0,7.50386,6.80E-05,1551.059325,1557.048315,1551.059325,1557.048315,1551.059325,1557.048353,0.002197355941,4.24E-05,0.002307674485,0.002302839305,0.6447264722,1.014777654
7,july.2022,2022-07-20,mytilus_californianus,shell.californianus.painted,,34.13,,,,,,,,,,,,,,,27.498,53.364,,7.49294,,,7.49294,10.2,,,,,,,,,2022-07-20,,2020-07-22,,,,,,,,,,,,,,,2306.689903,,2370.503884,,,,,,,,,,,,,,,,,,,,,47.91666667,,,,,,,-0.04843152307,8,34.13,10.2,1,0,7.50204,6.82E-05,1555.870244,1561.877841,1555.870244,1561.877841,1555.870244,1561.87788,0.002194953773,4.21E-05,0.00230525978,0.002299907657,0.6413283945,1.009429194
8,july.2022,2022-07-20,mytilus_californianus,shell.californianus.painted,,34.13,,,,,,,,,,,,,,,26.85,51.707,,7.49476,,,7.49476,10.2,,,,,,,,,2022-07-20,,2020-07-22,,,,,,,,,,,,,,,2310.126058,,2339.334106,,,,,,,,,,,,,,,,,,,,,47.88333333,,,,,,,-0.02271819727,8,34.13,10.2,1,0,7.50022,6.87E-05,1567.886476,1573.940549,1567.886476,1573.940549,1567.886476,1573.940589,0.0022026557,4.21E-05,0.00231345915,0.002307469052,0.640887362,1.008735024
9,july.2022,2022-07-20,mytilus_californianus,shell.californianus.painted,,34.13,,,,,,,,,,,,,,,25.142,53.104,,7.49658,,,7.49658,10.2,,,,,,,,,2022-07-20,,2020-07-22,,,,,,,,,,,,,,,2308.666267,,2354.817197,,,,,,,,,,,,,,,,,,,,,47.88333333,,,,,,,-0.03833507036,8,34.13,10.2,1,0,7.50204,6.85E-05,1564.496315,1570.537277,1564.496315,1570.537277,1564.496315,1570.537316,0.002207123058,4.24E-05,0.002318040625,0.002312544254,0.6448840539,1.015025682
10,july.2022,2022-07-20,mytilus_californianus,shell.californianus.painted,,34.13,,,,,,,,,,,,,,,26.937,57.782,,7.4984,,,7.4984,10.2,,,,,,,,,2022-07-20,,2020-07-22,,,,,,,,,,,,,,,2307.893425,,2316.579084,,,,,,,,,,,,,,,,,,,,,47.86666667,,,,,,,-0.006736284166,8,34.13,10.2,1,0,7.50386,6.80E-05,1552.236806,1558.23035,1552.236806,1558.23035,1552.236806,1558.230389,0.002199024056,4.24E-05,0.002309426347,0.002304571746,0.645215914,1.015548019
11,july.2022,2022-07-20,mytilus_californianus,shell.californianus.painted,,34.13,,,,,,,,,,,,,,,25.789,52.067,,7.4984,,,7.4984,10.2,,,,,,,,,2022-07-20,,2020-07-22,,,,,,,,,,,,,,,2306.907818,,2353.213887,,,,,,,,,,,,,,,,,,,,,47.83333333,,,,,,,-0.03753814161,8,34.13,10.2,1,0,7.50386,6.79E-05,1549.74239,1555.726286,1549.74239,1555.726286,1549.74239,1555.726325,0.002195490264,4.23E-05,0.002305715142,0.002300901684,0.6441790639,1.013916052
12,july.2022,2022-07-20,mytilus_californianus,shell.californianus.painted,,34.13,,,,,,,,,,,,,,,25.233,51.878,,7.50204,,,7.50204,10.2,,,,,,,,,2022-07-20,,2020-07-22,,,,,,,,,,,,,,,2307.316673,,2323.381838,,,,,,,,,,,,,,,,,,,,,47.81666667,,,,,,,-0.01331487208,8,34.13,10.2,1,0,7.49476,6.96E-05,1588.597277,1594.731459,1588.597277,1594.731459,1588.597277,1594.7315,0.002203869208,4.16E-05,0.002315076739,0.002307430217,0.6332291625,0.9966812773
13,july.2022,2022-07-20,mytilus_californianus,shell.californianus.painted,,34.13,,,,,,,,,,,,,,,28.049,56.694,,7.50386,,,7.50386,10.2,,,,,,,,,2022-07-20,,2020-07-22,,,,,,,,,,,,,,,2315.472362,,2343.029505,,,,,,,,,,,,,,,,,,,,,48.2,,,,,,,-0.02038307837,8,34.13,10.2,1,0,7.50932,6.71E-05,1531.197004,1537.109173,1531.197004,1537.109173,1531.197004,1537.109211,0.002196661173,4.29E-05,0.002306632004,0.002303439944,0.6526767828,1.027291174
14,july.2022,2022-07-20,mytilus_californianus,shell.californianus.painted,,34.13,,,,,,,,,,,,,,,28.851,60.719,,7.50386,,,7.50386,10.2,,,,,,,,,2022-07-20,,2020-07-22,,,,,,,,,,,,,,,2302.839305,,2341.345107,,,,,,,,,,,,,,,,,,,,,48.2,,,,,,,-0.02768970099,8,34.13,10.2,1,0,7.50386,6.81E-05,1553.997351,1559.997704,1553.997351,1559.997704,1553.997351,1559.997744,0.002201518186,4.24E-05,0.002312045696,0.002307162056,0.6459477172,1.016699852
15,july.2022,2022-07-20,mytilus_californianus,shell.californianus.painted,,34.13,,,,,,,,,,,,,,,28.004,56.759,,7.50204,,,7.50204,10.2,,,,,,,,,2022-07-20,,2020-07-22,,,,,,,,,,,,,,,2299.907657,,2343.038499,,,,,,,,,,,,,,,,,,,,,48.2,,,,,,,-0.03195367593,8,34.13,10.2,1,0,7.50568,6.78E-05,1546.485847,1552.457148,1546.485847,1552.457148,1546.485847,1552.457186,0.002200077365,4.26E-05,0.002310426162,0.00230610515,0.6482358467,1.02030129
16,july.2022,2022-07-20,mytilus_californianus,shell.californianus.painted,,34.13,,,,,,,,,,,,,,,27.688,55.762,,7.50022,,,7.50022,10.2,,,,,,,,,2022-07-20,,2020-07-22,,,,,,,,,,,,,,,2307.469052,,2373.455662,,,,,,,,,,,,,,,,,,,,,48.18333333,,,,,,,-0.04946151176,8,34.13,10.2,1,0,7.5075,6.76E-05,1543.188255,1549.146802,1543.188255,1549.146802,1543.188255,1549.146841,0.002204605632,4.29E-05,0.002315076898,0.002311250792,0.6522979338,1.026694878
17,july.2022,2022-07-20,mytilus_californianus,shell.californianus.painted,,34.13,,,,,,,,,,,,,,,29.922,54.841,,7.50204,,,7.50204,10.2,,,,,,,,,2022-07-20,,2020-07-22,,,,,,,,,,,,,,,2312.544254,,2363.562366,,,,,,,,,,,,,,,,,,,,,48.18333333,,,,,,,-0.03538644376,8,34.13,10.2,1,0,7.50932,6.72E-05,1534.858341,1540.784671,1534.858341,1540.784671,1534.858341,1540.784709,0.002201913742,4.30E-05,0.002312147531,0.002308897626,0.6542374376,1.029747591
18,july.2022,2022-07-20,mytilus_californianus,shell.californianus.painted,,34.13,,,,,,,,,,,,,,,25.74,53.914,,7.50386,,,7.50386,10.2,,,,,,,,,2022-07-20,,2020-07-22,,,,,,,,,,,,,,,2304.571746,,2374.221123,,,,,,,,,,,,,,,,,,,,,48.16666667,,,,,,,-0.05617745958,8,34.13,10.2,1,0,7.51114,6.69E-05,1527.877506,1533.776837,1527.877506,1533.776837,1527.877506,1533.776875,0.002201103884,4.32E-05,0.002311196514,0.002308501239,0.6567432693,1.033691686
19,july.2022,2022-07-20,mytilus_californianus,shell.californianus.painted,,34.13,,,,,,,,,,,,,,,26.618,52.976,,7.50386,,,7.50386,10.2,,,,,,,,,2022-07-20,,2020-07-22,,,,,,,,,,,,,,,2300.901684,,2353.172539,,,,,,,,,,,,,,,,,,,,,48.16666667,,,,,,,-0.04076970727,8,34.13,10.2,1,0,7.51114,6.71E-05,1531.700016,1537.614131,1531.700016,1537.614131,1531.700016,1537.614169,0.002206610702,4.33E-05,0.002316978766,0.002314224001,0.6583863381,1.036277821
20,july.2022,2022-07-20,mytilus_californianus,shell.californianus.painted,,34.13,,,,,,,,,,,,,,,29.929,55.763,,7.50932,,,7.50932,10.2,,,,,,,,,2022-07-20,,2020-07-22,,,,,,,,,,,,,,,2303.439944,,2360.971778,,,,,,,,,,,,,,,,,,,,,48.15,,,,,,,-0.039922683,8,34.13,10.2,1,0,7.51114,6.70E-05,1530.278629,1536.187247,1530.278629,1536.187247,1530.278629,1536.187285,0.002204563011,4.32E-05,0.002314828656,0.002312096012,0.6577753687,1.035316175
21,july.2022,2022-07-20,mytilus_californianus,shell.californianus.painted,,34.13,,,,,,,,,,,,,,,24.01,54.605,,7.50386,,,7.50386,10.2,,,,,,,,,2022-07-20,,2020-07-22,,,,,,,,,,,,,,,2307.162056,,2356.006174,,,,,,,,,,,,,,,,,,,,,48.11666667,,,,,,,-0.04227898768,8,34.13,10.2,1,0,7.51114,6.68E-05,1524.869391,1530.757088,1524.869391,1530.757088,1524.869391,1530.757126,0.002196770308,4.31E-05,0.002306646186,0.002303997726,0.6554502604,1.031656534
22,july.2022,2022-07-20,mytilus_californianus,shell.californianus.painted,,34.13,,,,,,,,,,,,,,,27.68,54.289,,7.50568,,,7.50568,10.2,,,,,,,,,2022-07-20,,2020-07-22,,,,,,,,,,,,,,,2306.10515,,2343.296279,,,,,,,,,,,,,,,,,,,,,48.13333333,,,,,,,-0.02791433814,8,34.13,10.2,1,0,7.51114,6.70E-05,1529.124333,1535.028487,1529.124333,1535.028487,1529.124333,1535.028524,0.0022029001,4.32E-05,0.002313082571,0.002310367891,0.6572792059,1.034535232
23,july.2022,2022-07-20,mytilus_californianus,shell.californianus.painted,,34.13,,,,,,,,,,,,,,,29.236,56.659,,7.5075,,,7.5075,10.2,,,,,,,,,2022-07-20,,2020-07-22,,,,,,,,,,,,,,,2311.250792,,2379.069428,,,,,,,,,,,,,,,,,,,,,48.11666667,,,,,,,-0.04820982603,8,34.13,10.2,1,0,7.49112,7.00E-05,1598.61187,1604.784789,1598.61187,1604.784789,1598.61187,1604.78483,0.002199252208,4.12E-05,0.002310464716,0.002301783345,0.6266284763,0.9862920206
24,july.2022,2022-07-20,mytilus_californianus,shell.californianus.painted,,34.13,,,,,,,,,,,,,,,26.981,56.94,,7.50932,,,7.50932,10.2,,,,,,,,,2022-07-20,,2020-07-22,,,,,,,,,,,,,,,2308.897626,,2338.91638,,,,,,,,,,,,,,,,,,,,,48.1,,,,,,,-0.02313074084,8,34.13,10.2,1,0,7.51114,6.69E-05,1526.254836,1532.147891,1526.254836,1532.147891,1526.254836,1532.147929,0.00219876622,4.31E-05,0.002308741927,0.002306071905,0.6560457804,1.032593862
25,july.2022,2022-07-20,mytilus_californianus,shell.californianus.painted,,34.13,,,,,,,,,,,,,,,27.876,55.062,,7.51114,,,7.51114,10.2,,,,,,,,,2022-07-20,,2020-07-22,,,,,,,,,,,,,,,2308.501239,,2358.453718,,,,,,,,,,,,,,,,,,,,,48.13333333,,,,,,,-0.03722893883,8,34.13,10.2,1,0,7.51296,6.63E-05,1513.180418,1519.022909,1513.180418,1519.022909,1513.180418,1519.022946,0.002189085457,4.31E-05,0.002298478818,0.002296456469,0.6559002645,1.032364825
26,july.2022,2022-07-20,mytilus_californianus,shell.californianus.painted,,34.13,,,,,,,,,,,,,,,26.431,55.915,,7.51114,,,7.51114,10.2,,,,,,,,,2022-07-20,,2020-07-22,,,,,,,,,,,,,,,2314.224001,,2365.345991,,,,,,,,,,,,,,,,,,,,,48.11666667,,,,,,,-0.04019746096,8,34.13,10.2,1,0,7.51478,6.60E-05,1507.145149,1512.964299,1507.145149,1512.964299,1507.145149,1512.964336,0.002189510757,4.33E-05,0.00229882913,0.002297345368,0.6587826813,1.036901651
27,july.2022,2022-07-20,mytilus_californianus,shell.californianus.painted,,34.13,,,,,,,,,,,,,,,29.347,62.908,,7.51114,,,7.51114,10.2,,,,,,,,,2022-07-20,,2020-07-22,,,,,,,,,,,,,,,2312.096012,,2371.495644,,,,,,,,,,,,,,,,,,,,,48.11666667,,,,,,,-0.0420653505,8,34.13,10.2,1,0,7.5166,6.57E-05,1499.435246,1505.22458,1499.435246,1505.22458,1499.435246,1505.224616,0.002187457977,4.34E-05,0.002296579626,0.002295659762,0.6609290012,1.040279886
28,july.2022,2022-07-20,mytilus_californianus,shell.californianus.painted,,34.13,,,,,,,,,,,,,,,28.451,55.21,,7.51114,,,7.51114,10.2,,,,,,,,,2022-07-20,,2020-07-22,,,,,,,,,,,,,,,2303.997726,,2348.2478,,,,,,,,,,,,,,,,,,,,,48.1,,,,,,,-0.03233489013,8,34.13,10.2,1,0,7.5166,6.58E-05,1502.136861,1507.936642,1502.136861,1507.936642,1502.136861,1507.936679,0.00219139924,4.35E-05,0.002300717499,0.002299757533,0.6621198331,1.042154215
29,july.2022,2022-07-20,mytilus_californianus,shell.californianus.painted,,34.13,,,,,,,,,,,,,,,22.986,48.299,,7.51114,,,7.51114,10.2,,,,,,,,,2022-07-20,,2020-07-22,,,,,,,,,,,,,,,2310.367891,,2334.138906,,,,,,,,,,,,,,,,,,,,,48.08333333,,,,,,,-0.02150749221,8,34.13,10.2,1,0,7.51478,6.58E-05,1502.810509,1508.612896,1502.810509,1508.612896,1502.810509,1508.612933,0.002183213594,4.32E-05,0.002292217561,0.002290799189,0.6568879831,1.03391946
30,july.2022,2022-07-20,mytilus_californianus,shell.californianus.painted,,34.13,,,,,,,,,,,,,,,27.73,55.085,,7.51114,,,7.51114,10.2,,,,,,,,,2022-07-20,,2020-07-22,,,,,,,,,,,,,,,2306.071905,,2338.398935,,,,,,,,,,,,,,,,,,,,,48.06666667,,,,,,,-0.02425336084,8,34.13,10.2,1,0,7.52024,6.51E-05,1484.950223,1490.68354,1484.950223,1490.68354,1484.950223,1490.683575,0.002184559607,4.37E-05,0.002293354195,0.002293547571,0.6656086994,1.047645573
31,july.2022,2022-07-20,mytilus_californianus,shell.californianus.painted,,34.13,,,,,,,,,,,,,,,28.201,57.103,,7.51296,,,7.51296,10.2,,,,,,,,,2022-07-20,,2020-07-22,,,,,,,,,,,,,,,2296.456469,,2342.186256,,,,,,,,,,,,,,,,,,,,,48.06666667,,,,,,,-0.03373577294,8,34.13,10.2,1,0,7.52206,6.55E-05,1494.082421,1499.851054,1494.082421,1499.851054,1494.082421,1499.85109,0.002207224759,4.44E-05,0.002317058821,0.002317577568,0.6753387186,1.062960294
32,july.2022,2022-07-20,mytilus_californianus,shell.californianus.painted,,34.13,,,,,,,,,,,,,,,32.171,64.463,,7.51478,,,7.51478,10.2,,,,,,,,,2022-07-20,,2020-07-22,,,,,,,,,,,,,,,2297.345368,,2333.668949,,,,,,,,,,,,,,,,,,,,,48.05,,,,,,,-0.02349798925,8,34.13,10.2,1,0,7.52024,6.57E-05,1499.872475,1505.663499,1499.872475,1505.663499,1499.872475,1505.663536,0.002206512227,4.42E-05,0.002316400092,0.002316379271,0.6722973954,1.058173354
33,july.2022,2022-07-20,mytilus_californianus,shell.californianus.painted,,34.13,,,,,,,,,,,,,,,24.967,49.156,,7.5166,,,7.5166,10.2,,,,,,,,,2022-07-20,,2020-07-22,,,,,,,,,,,,,,,2295.659762,,2314.084434,,,,,,,,,,,,,,,,,,,,,48.06666667,,,,,,,-0.0153528643,8,34.13,10.2,1,0,7.52388,6.51E-05,1485.701898,1491.438122,1485.701898,1491.438122,1485.701898,1491.438157,0.002204061363,4.45E-05,0.002313650777,0.002314745543,0.6772028415,1.06589436
34,july.2022,2022-07-20,mytilus_californianus,shell.californianus.painted,,34.13,,,,,,,,,,,,,,,27.448,53.994,,7.5166,,,7.5166,10.2,,,,,,,,,2022-07-20,,2020-07-22,,,,,,,,,,,,,,,2299.757533,,2348.283045,,,,,,,,,,,,,,,,,,,,,48.05,,,,,,,-0.03679307003,8,34.13,10.2,1,0,7.49294,6.99E-05,1594.754978,1600.912978,1594.754978,1600.912978,1594.754978,1600.913019,0.002203159653,4.14E-05,0.002314449589,0.00230626461,0.6303780174,0.9921936714
35,july.2022,2022-07-20,mytilus_californianus,shell.californianus.painted,,34.13,,,,,,,,,,,,,,,27.368,60.09,,7.51478,,,7.51478,10.2,,,,,,,,,2022-07-20,,2020-07-22,,,,,,,,,,,,,,,2290.799189,,2319.97998,,,,,,,,,,,,,,,,,,,,,48.03333333,,,,,,,-0.02219786872,8,34.13,10.2,1,0,7.5257,6.47E-05,1476.119692,1481.81886,1476.119692,1481.81886,1476.119692,1481.818895,0.002199042269,4.46E-05,0.002308297011,0.002309983387,0.6784981495,1.067933131
36,july.2022,2022-07-20,mytilus_californianus,shell.californianus.painted,,34.13,,,,,,,,,,,,,,,29.814,60.385,,7.52024,,,7.52024,10.2,,,,,,,,,2022-07-20,,2020-07-22,,,,,,,,,,,,,,,2293.547571,,2332.876835,,,,,,,,,,,,,,,,,,,,,48.03333333,,,,,,,-0.02746330751,8,34.13,10.2,1,0,7.52752,6.44E-05,1470.234657,1475.911068,1470.234657,1475.911068,1470.234657,1475.911103,0.002199473123,4.48E-05,0.002308666059,0.002310893293,0.6814809963,1.072628031
37,july.2022,2022-07-20,mytilus_californianus,shell.californianus.painted,,34.13,,,,,,,,,,,,,,,24.989,48.403,,7.52206,,,7.52206,10.2,,,,,,,,,2022-07-20,,2020-07-22,,,,,,,,,,,,,,,2317.577568,,2326.135391,,,,,,,,,,,,,,,,,,,,,47.93333333,,,,,,,-0.007144581578,8,34.13,10.2,1,0,7.52752,6.45E-05,1472.023713,1477.707042,1472.023713,1477.707042,1472.023713,1477.707077,0.002202149553,4.48E-05,0.002311475361,0.002313678711,0.6823102568,1.073933259
38,july.2022,2022-07-20,mytilus_californianus,shell.californianus.painted,,34.13,,,,,,,,,,,,,,,27.619,59.505,,7.52024,,,7.52024,10.2,,,,,,,,,2022-07-20,,2020-07-22,,,,,,,,,,,,,,,2316.379271,,2387.569858,,,,,,,,,,,,,,,,,,,,,47.93333333,,,,,,,-0.05377457592,8,34.13,10.2,1,0,7.52934,6.45E-05,1473.16999,1478.857751,1473.16999,1478.857751,1473.16999,1478.857786,0.002213119508,4.52E-05,0.002322908121,0.002325561191,0.6885888035,1.083815479
39,july.2022,2022-07-20,mytilus_californianus,shell.californianus.painted,,34.13,,,,,,,,,,,,,,,27.076,56.865,,7.52388,,,7.52388,10.2,,,,,,,,,2022-07-20,,2020-07-22,,,,,,,,,,,,,,,2314.745543,,2418.98356,,,,,,,,,,,,,,,,,,,,,47.91666667,,,,,,,-0.08034429353,8,34.13,10.2,1,0,7.52934,6.46E-05,1474.444762,1480.137453,1474.444762,1480.137453,1474.444762,1480.137489,0.002215034579,4.53E-05,0.002324918195,0.002327554573,0.6891846574,1.084753333
40,july.2022,2022-07-20,mytilus_californianus,shell.californianus.painted,,34.13,,,,,,,,,,,,,,,29.087,56.911,,7.5257,,,7.5257,10.2,,,,,,,,,2022-07-20,,2020-07-22,,,,,,,,,,,,,,,2309.983387,,2368.655045,,,,,,,,,,,,,,,,,,,,,47.9,,,,,,,-0.04211084086,8,34.13,10.2,1,0,7.5348,6.32E-05,1441.899409,1447.466249,1441.899409,1447.466249,1441.899409,1447.466283,0.002193547115,4.54E-05,0.002302133014,0.002306587284,0.6911336801,1.087821029
41,july.2022,2022-07-20,mytilus_californianus,shell.californianus.painted,,34.13,,,,,,,,,,,,,,,25.645,51.829,,7.52752,,,7.52752,10.2,,,,,,,,,2022-07-20,,2020-07-22,,,,,,,,,,,,,,,2310.893293,,2338.160252,,,,,,,,,,,,,,,,,,,,,47.95,,,,,,,-0.02217406865,8,34.13,10.2,1,0,7.53298,6.26E-05,1428.971309,1434.488159,1428.971309,1434.488159,1428.971309,1434.488192,0.0021647887,4.46E-05,0.002272025346,0.002276174775,0.6792202146,1.069069637
42,july.2022,2022-07-20,mytilus_californianus,shell.californianus.painted,,34.13,,,,,,,,,,,,,,,26.537,59.385,,7.52752,,,7.52752,10.2,,,,,,,,,2022-07-20,,2020-07-22,,,,,,,,,,,,,,,2313.678711,,2354.15831,,,,,,,,,,,,,,,,,,,,,47.93333333,,,,,,,-0.03182341222,8,34.13,10.2,1,0,7.53298,6.32E-05,1443.059712,1448.631039,1443.059712,1448.631039,1443.059712,1448.631073,0.002186131617,4.51E-05,0.002294425522,0.002298397799,0.6859167298,1.079609726
43,july.2022,2022-07-20,mytilus_californianus,shell.californianus.painted,,34.13,,,,,,,,,,,,,,,27.486,55.276,,7.52934,,,7.52934,10.2,,,,,,,,,2022-07-20,,2020-07-22,,,,,,,,,,,,,,,2325.561191,,2345.59074,,,,,,,,,,,,,,,,,,,,,47.91666667,,,,,,,-0.01520803239,8,34.13,10.2,1,0,7.5348,6.30E-05,1437.935529,1443.487042,1437.935529,1443.487042,1437.935529,1443.487076,0.002187516905,4.53E-05,0.002295804294,0.002300307365,0.6892337066,1.084830535
44,july.2022,2022-07-20,mytilus_californianus,shell.californianus.painted,,34.13,,,,,,,,,,,,,,,28.347,51.42,,7.52934,,,7.52934,10.2,,,,,,,,,2022-07-20,,2020-07-22,,,,,,,,,,,,,,,2327.554573,,2345.171183,,,,,,,,,,,,,,,,,,,,,47.91666667,,,,,,,-0.01296966086,8,34.13,10.2,1,0,7.53662,6.27E-05,1431.112224,1436.637353,1431.112224,1436.637353,1431.112224,1436.637386,0.00218627956,4.55E-05,0.002294432501,0.002299487642,0.6917366477,1.088770079
45,july.2022,2022-07-20,mytilus_californianus,shell.californianus.painted,,34.13,,,,,,,,,,,,,,,29.007,59.642,,7.5348,,,7.5348,10.2,,,,,,,,,2022-07-20,,2020-07-22,,,,,,,,,,,,,,,2306.587284,,2394.600061,,,,,,,,,,,,,,,,,,,,,48,,,,,,,-0.06321231161,8,34.13,10.2,1,0,7.48566,7.10E-05,1621.132295,1627.392327,1621.132295,1627.392327,1621.132295,1627.39237,0.002202370903,4.07E-05,0.002314113228,0.002303747205,0.6196772482,0.9753510227
46,july.2022,2022-07-20,mytilus_californianus,shell.californianus.painted,,34.13,,,,,,,,,,,,,,,27.962,61.614,,7.53298,,,7.53298,10.2,,,,,,,,,2022-07-20,,2020-07-22,,,,,,,,,,,,,,,2276.174775,,2345.879544,,,,,,,,,,,,,,,,,,,,,47.95,,,,,,,-0.05198830457,8,33.94,10.2,1,0,7.40846,8.50E-05,1939.133284,1946.623863,1939.133284,1946.623863,1939.133284,1946.623923,0.002204187134,3.40E-05,0.002323198636,0.002288790279,0.5172893623,0.814478536
47,july.2022,2022-07-20,mytilus_californianus,shell.californianus.painted,,34.13,,,,,,,,,,,,,,,27.437,53.833,,7.53298,,,7.53298,10.2,,,,,,,,,2022-07-20,,2020-07-22,,,,,,,,,,,,,,,2298.397799,,2328.564964,,,,,,,,,,,,,,,,,,,,,47.95,,,,,,,-0.02293027505,8,33.94,10.2,1,0,7.40482,8.59E-05,1958.059416,1965.623259,1958.059416,1965.623259,1958.059416,1965.623321,0.00220712367,3.37E-05,0.002326726601,0.002291115036,0.5136552754,0.808756621
48,july.2022,2022-07-20,mytilus_californianus,shell.californianus.painted,,34.13,,,,,,,,,,,,,,,26.065,55.595,,7.5348,,,7.5348,10.2,,,,,,,,,2022-07-20,,2020-07-22,,,,,,,,,,,,,,,2300.307365,,2365.836112,,,,,,,,,,,,,,,,,,,,,47.93333333,,,,,,,-0.05244891426,8,33.94,10.2,1,0,7.40846,8.52E-05,1943.273484,1950.78009,1943.273484,1950.78009,1943.273484,1950.780151,0.002208893245,3.40E-05,0.002328158845,0.002293641431,0.5183938153,0.816217511
49,july.2022,2022-07-20,mytilus_californianus,shell.californianus.painted,,34.13,,,,,,,,,,,,,,,28.284,58.074,,7.53662,,,7.53662,10.2,,,,,,,,,2022-07-20,,2020-07-22,,,,,,,,,,,,,,,2299.487642,,2341.967688,,,,,,,,,,,,,,,,,,,,,47.93333333,,,,,,,-0.0313333274,8,33.94,10.2,1,0,7.40664,8.55E-05,1949.252344,1956.782094,1949.252344,1956.782094,1949.252344,1956.782155,0.002206423465,3.39E-05,0.002325771034,0.002290743758,0.5156487293,0.811895339